,science,name,birth_place,death_place,birth_date,death_date,age,works,link
0,Биологи,Джон Абельсон,Вашингтон США Coulee Grand,,1938,,82.0,0,"https://ru.wikipedia.org/wiki/%D0%90%D0%B1%D0%B5%D0%BB%D1%8C%D1%81%D0%BE%D0%BD,_%D0%94%D0%B6%D0%BE%D0%BD"
1,Биологи,Анатолий Иванович Автономов,Иваново,Ташкент,1898-02-24,1968-04-27,70.0,0,"https://ru.wikipedia.org/wiki/%D0%90%D0%B2%D1%82%D0%BE%D0%BD%D0%BE%D0%BC%D0%BE%D0%B2,_%D0%90%D0%BD%D0%B0%D1%82%D0%BE%D0%BB%D0%B8%D0%B9_%D0%98%D0%B2%D0%B0%D0%BD%D0%BE%D0%B2%D0%B8%D1%87"
2,Биологи,Доктор Аграновский,Москва СССР,,1953-06-23,,66.0,60,"https://ru.wikipedia.org/wiki/%D0%90%D0%B3%D1%80%D0%B0%D0%BD%D0%BE%D0%B2%D1%81%D0%BA%D0%B8%D0%B9,_%D0%90%D0%BB%D0%B5%D0%BA%D1%81%D0%B5%D0%B9_%D0%90%D0%BD%D0%B0%D1%82%D0%BE%D0%BB%D1%8C%D0%B5%D0%B2%D0%B8%D1%87"
3,Биологи,Василько Васильевич Акимцев,Тифлисской губернии Белый Ключ Империя Российская с.,Ростов-на-Дону СССР,1893,1967-02-11,74.0,0,"https://ru.wikipedia.org/wiki/%D0%90%D0%BA%D0%B8%D0%BC%D1%86%D0%B5%D0%B2,_%D0%92%D0%B0%D1%81%D0%B8%D0%BB%D1%8C%D0%BA%D0%BE_%D0%92%D0%B0%D1%81%D0%B8%D0%BB%D1%8C%D0%B5%D0%B2%D0%B8%D1%87"
4,Биологи,Владимир Яковлевич Александров,Черкассы губерния империя Российская Киевская,Россия Санкт-Петербург,1906,1995-10-05,89.0,10,"https://ru.wikipedia.org/wiki/%D0%90%D0%BB%D0%B5%D0%BA%D1%81%D0%B0%D0%BD%D0%B4%D1%80%D0%BE%D0%B2,_%D0%92%D0%BB%D0%B0%D0%B4%D0%B8%D0%BC%D0%B8%D1%80_%D0%AF%D0%BA%D0%BE%D0%B2%D0%BB%D0%B5%D0%B2%D0%B8%D1%87"
5,Биологи,Николай Иванович Александров,Свинчус губерния империя Рязанская Российская,Свинчус губерния империя Рязанская Российская,1908,1972,64.0,3,"https://ru.wikipedia.org/wiki/%D0%90%D0%BB%D0%B5%D0%BA%D1%81%D0%B0%D0%BD%D0%B4%D1%80%D0%BE%D0%B2,_%D0%9D%D0%B8%D0%BA%D0%BE%D0%BB%D0%B0%D0%B9_%D0%98%D0%B2%D0%B0%D0%BD%D0%BE%D0%B2%D0%B8%D1%87_(%D0%BC%D0%B5%D0%B4%D0%B8%D0%BA)"
6,Биологи,Андрей Олегович Алексеев,СССР Россия Россия СССР,,1958-06-26,,61.0,0,"https://ru.wikipedia.org/wiki/%D0%90%D0%BB%D0%B5%D0%BA%D1%81%D0%B5%D0%B5%D0%B2,_%D0%90%D0%BD%D0%B4%D1%80%D0%B5%D0%B9_%D0%9E%D0%BB%D0%B5%D0%B3%D0%BE%D0%B2%D0%B8%D1%87"
7,Биологи,Евгений Павлович Алёшин,РСФСР Кореновск край Северо-Кавказский СССР,РСФСР Кореновск край Северо-Кавказский СССР,1931-04-23,2014-04-07,82.0,7,"https://ru.wikipedia.org/wiki/%D0%90%D0%BB%D1%91%D1%88%D0%B8%D0%BD,_%D0%95%D0%B2%D0%B3%D0%B5%D0%BD%D0%B8%D0%B9_%D0%9F%D0%B0%D0%B2%D0%BB%D0%BE%D0%B2%D0%B8%D1%87"
8,Биологи,Стефан Хаджидобрев Ангелов,Болгария Котел,София Болгария,1878-02-28,1964,86.0,2,"https://ru.wikipedia.org/wiki/%D0%90%D0%BD%D0%B3%D0%B5%D0%BB%D0%BE%D0%B2,_%D0%A1%D1%82%D0%B5%D1%84%D0%B0%D0%BD_%D0%A5%D0%B0%D0%B4%D0%B6%D0%B8%D0%B4%D0%BE%D0%B1%D1%80%D0%B5%D0%B2"
9,Биологи,Лев Николаевич Андреев,Саратов СССР РСФСР,Москва Россия,1931-11-05,2006-04-05,74.0,0,"https://ru.wikipedia.org/wiki/%D0%90%D0%BD%D0%B4%D1%80%D0%B5%D0%B5%D0%B2,_%D0%9B%D0%B5%D0%B2_%D0%9D%D0%B8%D0%BA%D0%BE%D0%BB%D0%B0%D0%B5%D0%B2%D0%B8%D1%87"
10,Биологи,Сергей Вардеванович Априкян,ЗСФСР Бердаван СССР,Ереван Армения,1924-05-19,2009,85.0,0,"https://ru.wikipedia.org/wiki/%D0%90%D0%BF%D1%80%D0%B8%D0%BA%D1%8F%D0%BD,_%D0%A1%D0%B5%D1%80%D0%B3%D0%B5%D0%B9_%D0%92%D0%B0%D1%80%D0%B4%D0%B5%D0%B2%D0%B0%D0%BD%D0%BE%D0%B2%D0%B8%D1%87"
11,Биологи,Сильвия Арбер,Швейцария Женева,,1968-10-16,,51.0,0,"https://ru.wikipedia.org/wiki/%D0%90%D1%80%D0%B1%D0%B5%D1%80,_%D0%A1%D0%B8%D0%BB%D1%8C%D0%B2%D0%B8%D1%8F"
12,Биологи,Константин Владимирович Арнольди,Москва,Москва,1901,1982-12-12,81.0,1,"https://ru.wikipedia.org/wiki/%D0%90%D1%80%D0%BD%D0%BE%D0%BB%D1%8C%D0%B4%D0%B8,_%D0%9A%D0%BE%D0%BD%D1%81%D1%82%D0%B0%D0%BD%D1%82%D0%B8%D0%BD_%D0%92%D0%BB%D0%B0%D0%B4%D0%B8%D0%BC%D0%B8%D1%80%D0%BE%D0%B2%D0%B8%D1%87"
13,Биологи,Роман Семёнович Арраго,Губерния Черниговская уезд империя Российская Конотоп Конотопский,РСФСР Ленинград СССР,1883-09-18,1949-11-29,66.0,0,"https://ru.wikipedia.org/wiki/%D0%90%D1%80%D1%80%D0%B0%D0%B3%D0%BE,_%D0%A0%D0%BE%D0%BC%D0%B0%D0%BD_%D0%A1%D0%B5%D0%BC%D1%91%D0%BD%D0%BE%D0%B2%D0%B8%D1%87"
14,Биологи,Ана-Василикия Аслан,Королевство Румыния Брэила,Бухарест,1897,1988-05-20,91.0,0,"https://ru.wikipedia.org/wiki/%D0%90%D1%81%D0%BB%D0%B0%D0%BD,_%D0%90%D0%BD%D0%B0-%D0%92%D0%B0%D1%81%D0%B8%D0%BB%D0%B8%D0%BA%D0%B8%D1%8F"
15,Биологи,Франц Карл Ашар,Берлин,Силезия,1753-04-28,1821-04-20,67.0,8,"https://ru.wikipedia.org/wiki/%D0%90%D1%88%D0%B0%D1%80,_%D0%A4%D1%80%D0%B0%D0%BD%D1%86_%D0%9A%D0%B0%D1%80%D0%BB"
16,Биологи,Дмитрий Александрович Байков,Рязанская Российская империя губерния,Москва Российская империя,1818,1870,52.0,4,"https://ru.wikipedia.org/wiki/%D0%91%D0%B0%D0%B9%D0%BA%D0%BE%D0%B2,_%D0%94%D0%BC%D0%B8%D1%82%D1%80%D0%B8%D0%B9_%D0%90%D0%BB%D0%B5%D0%BA%D1%81%D0%B0%D0%BD%D0%B4%D1%80%D0%BE%D0%B2%D0%B8%D1%87"
17,Биологи,Оскар Байль,Чехословакия,Чехословакия,1869,1927,58.0,6,"https://ru.wikipedia.org/wiki/%D0%91%D0%B0%D0%B9%D0%BB%D1%8C,_%D0%9E%D1%81%D0%BA%D0%B0%D1%80"
18,Биологи,Павел Милославович Балабан,Горький,,1951,,69.0,0,"https://ru.wikipedia.org/wiki/%D0%91%D0%B0%D0%BB%D0%B0%D0%B1%D0%B0%D0%BD,_%D0%9F%D0%B0%D0%B2%D0%B5%D0%BB_%D0%9C%D0%B8%D0%BB%D0%BE%D1%81%D0%BB%D0%B0%D0%B2%D0%BE%D0%B2%D0%B8%D1%87"
19,Биологи,Тамара Иосифовна Балезина,Старобельск губерния империя Харьковская Российская,Москва Россия,1913-04-28,2010-08-11,97.0,5,"https://ru.wikipedia.org/wiki/%D0%91%D0%B0%D0%BB%D0%B5%D0%B7%D0%B8%D0%BD%D0%B0,_%D0%A2%D0%B0%D0%BC%D0%B0%D1%80%D0%B0_%D0%98%D0%BE%D1%81%D0%B8%D1%84%D0%BE%D0%B2%D0%BD%D0%B0"
20,Биологи,Фрэнсис Мейтленд Бальфур,Эдинбург,Франция Верхняя Альпы Рона Савойя Монблан —,1851-11-10,1882-07-19,30.0,13,"https://ru.wikipedia.org/wiki/%D0%91%D0%B0%D0%BB%D1%8C%D1%84%D1%83%D1%80,_%D0%A4%D1%80%D1%8D%D0%BD%D1%81%D0%B8%D1%81_%D0%9C%D0%B5%D0%B9%D1%82%D0%BB%D0%B5%D0%BD%D0%B4"
21,Биологи,Геннадий Фёдорович Барышников,СССР,,1945,,75.0,0,"https://ru.wikipedia.org/wiki/%D0%91%D0%B0%D1%80%D1%8B%D1%88%D0%BD%D0%B8%D0%BA%D0%BE%D0%B2,_%D0%93%D0%B5%D0%BD%D0%BD%D0%B0%D0%B4%D0%B8%D0%B9_%D0%A4%D1%91%D0%B4%D0%BE%D1%80%D0%BE%D0%B2%D0%B8%D1%87"
22,Биологи,Александр Сергеевич Батуев,Ленинград,Ленинград,1935-04-12,2012-04-28,77.0,8,"https://ru.wikipedia.org/wiki/%D0%91%D0%B0%D1%82%D1%83%D0%B5%D0%B2,_%D0%90%D0%BB%D0%B5%D0%BA%D1%81%D0%B0%D0%BD%D0%B4%D1%80_%D0%A1%D0%B5%D1%80%D0%B3%D0%B5%D0%B5%D0%B2%D0%B8%D1%87"
23,Биологи,Эрвин Симонович Бауэр,Левице Нитранский край Словакия,РСФСР Ленинград СССР,1890-10-19,1938-01-11,47.0,3,"https://ru.wikipedia.org/wiki/%D0%91%D0%B0%D1%83%D1%8D%D1%80,_%D0%AD%D1%80%D0%B2%D0%B8%D0%BD_%D0%A1%D0%B8%D0%BC%D0%BE%D0%BD%D0%BE%D0%B2%D0%B8%D1%87"
24,Биологи,Порфирий Иванович Бахметьев,Саратовская губерния Вольский,Москва Российская империя,1860,1913,53.0,4,"https://ru.wikipedia.org/wiki/%D0%91%D0%B0%D1%85%D0%BC%D0%B5%D1%82%D1%8C%D0%B5%D0%B2,_%D0%9F%D0%BE%D1%80%D1%84%D0%B8%D1%80%D0%B8%D0%B9_%D0%98%D0%B2%D0%B0%D0%BD%D0%BE%D0%B2%D0%B8%D1%87"
25,Биологи,Патрик Бейтсон,Англия Великобритания,Англия Великобритания,1938-03-31,2017-08-01,79.0,0,"https://ru.wikipedia.org/wiki/%D0%91%D0%B5%D0%B9%D1%82%D1%81%D0%BE%D0%BD,_%D0%9F%D0%B0%D1%82%D1%80%D0%B8%D0%BA"
26,Биологи,Леонид Карлович Бекман,Российская империя,РСФСР СССР,1871-09-21,1939-11-11,68.0,0,"https://ru.wikipedia.org/wiki/%D0%91%D0%B5%D0%BA%D0%BC%D0%B0%D0%BD,_%D0%9B%D0%B5%D0%BE%D0%BD%D0%B8%D0%B4_%D0%9A%D0%B0%D1%80%D0%BB%D0%BE%D0%B2%D0%B8%D1%87"
27,Биологи,Георгий Дмитриевич Белоновский,Губерния империя Российская Полтавская Лубны,Ленинград,1875,1950-07-25,75.0,0,"https://ru.wikipedia.org/wiki/%D0%91%D0%B5%D0%BB%D0%BE%D0%BD%D0%BE%D0%B2%D1%81%D0%BA%D0%B8%D0%B9,_%D0%93%D0%B5%D0%BE%D1%80%D0%B3%D0%B8%D0%B9_%D0%94%D0%BC%D0%B8%D1%82%D1%80%D0%B8%D0%B5%D0%B2%D0%B8%D1%87"
28,Биологи,Всеволод Михайлович Белькович,СССР,Федерация Москва Российская,1935,2016-10-27,81.0,9,"https://ru.wikipedia.org/wiki/%D0%91%D0%B5%D0%BB%D1%8C%D0%BA%D0%BE%D0%B2%D0%B8%D1%87,_%D0%92%D1%81%D0%B5%D0%B2%D0%BE%D0%BB%D0%BE%D0%B4_%D0%9C%D0%B8%D1%85%D0%B0%D0%B9%D0%BB%D0%BE%D0%B2%D0%B8%D1%87"
29,Биологи,Честер Бенджамин,Огайо США,Мэриленд США Монтгомери Силвер-Спринг,1923-01-23,2002-04-20,79.0,3,"https://ru.wikipedia.org/wiki/%D0%91%D0%B5%D0%BD%D0%B4%D0%B6%D0%B0%D0%BC%D0%B8%D0%BD,_%D0%A7%D0%B5%D1%81%D1%82%D0%B5%D1%80_%D0%A0%D1%8D%D0%B9"
30,Биологи,Феликс Бердау,Краков город Вольный,Варшава Российская империя,1826,1895-11-24,69.0,6,"https://ru.wikipedia.org/wiki/%D0%91%D0%B5%D1%80%D0%B4%D0%B0%D1%83,_%D0%A4%D0%B5%D0%BB%D0%B8%D0%BA%D1%81"
31,Биологи,Антуан Бешам,Мозель Басен,Париж,1816-10-16,1908-04-15,91.0,4,"https://ru.wikipedia.org/wiki/%D0%91%D0%B5%D1%88%D0%B0%D0%BC,_%D0%90%D0%BD%D1%82%D1%83%D0%B0%D0%BD"
32,Биологи,Сергей Алексеевич Беэр,Москва СССР,Москва Россия,1941-07-19,2014-09-18,73.0,7,"https://ru.wikipedia.org/wiki/%D0%91%D0%B5%D1%8D%D1%80,_%D0%A1%D0%B5%D1%80%D0%B3%D0%B5%D0%B9_%D0%90%D0%BB%D0%B5%D0%BA%D1%81%D0%B5%D0%B5%D0%B2%D0%B8%D1%87"
33,Биологи,Виталий Витальевич Бианки,Ленинград,,1926-01-12,,93.0,3,"https://ru.wikipedia.org/wiki/%D0%91%D0%B8%D0%B0%D0%BD%D0%BA%D0%B8,_%D0%92%D0%B8%D1%82%D0%B0%D0%BB%D0%B8%D0%B9_%D0%92%D0%B8%D1%82%D0%B0%D0%BB%D1%8C%D0%B5%D0%B2%D0%B8%D1%87"
34,Биологи,Хелен Блау,Лондон Великобритания,,1948-05-08,,71.0,0,"https://ru.wikipedia.org/wiki/%D0%91%D0%BB%D0%B0%D1%83,_%D0%A5%D0%B5%D0%BB%D0%B5%D0%BD"
35,Биологи,Владимир Дмитриевич Богданов,СССР Россия Россия СССР,,1953-10-30,,66.0,0,"https://ru.wikipedia.org/wiki/%D0%91%D0%BE%D0%B3%D0%B4%D0%B0%D0%BD%D0%BE%D0%B2,_%D0%92%D0%BB%D0%B0%D0%B4%D0%B8%D0%BC%D0%B8%D1%80_%D0%94%D0%BC%D0%B8%D1%82%D1%80%D0%B8%D0%B5%D0%B2%D0%B8%D1%87"
36,Биологи,Артур Бойкот,Херефордшир Херефорд Англия,Англия Глостершир Юэн,1877,1938-05-12,61.0,0,"https://ru.wikipedia.org/wiki/%D0%91%D0%BE%D0%B9%D0%BA%D0%BE%D1%82%D1%82,_%D0%90%D1%80%D1%82%D1%83%D1%80"
37,Биологи,Большаков Вадим,РСФСР Казань СССР,,1959,,61.0,0,"https://ru.wikipedia.org/wiki/%D0%91%D0%BE%D0%BB%D1%8C%D1%88%D0%B0%D0%BA%D0%BE%D0%B2,_%D0%92%D0%B0%D0%B4%D0%B8%D0%BC_(%D0%BD%D0%B5%D0%B9%D1%80%D0%BE%D0%B1%D0%B8%D0%BE%D0%BB%D0%BE%D0%B3)"
38,Биологи,Елизавета Александровна Бонч-Осмоловская,СССР,,1951-01-27,,68.0,0,"https://ru.wikipedia.org/wiki/%D0%91%D0%BE%D0%BD%D1%87-%D0%9E%D1%81%D0%BC%D0%BE%D0%BB%D0%BE%D0%B2%D1%81%D0%BA%D0%B0%D1%8F,_%D0%95%D0%BB%D0%B8%D0%B7%D0%B0%D0%B2%D0%B5%D1%82%D0%B0_%D0%90%D0%BB%D0%B5%D0%BA%D1%81%D0%B0%D0%BD%D0%B4%D1%80%D0%BE%D0%B2%D0%BD%D0%B0"
39,Биологи,Сергей Владимирович Борисевич,СССР область Житомирская УССР Бердичев,,1967,,53.0,0,"https://ru.wikipedia.org/wiki/%D0%91%D0%BE%D1%80%D0%B8%D1%81%D0%B5%D0%B2%D0%B8%D1%87,_%D0%A1%D0%B5%D1%80%D0%B3%D0%B5%D0%B9_%D0%92%D0%BB%D0%B0%D0%B4%D0%B8%D0%BC%D0%B8%D1%80%D0%BE%D0%B2%D0%B8%D1%87"
40,Биологи,Александр Ильич Борисов,Москва,,1939-10-13,,80.0,16,"https://ru.wikipedia.org/wiki/%D0%91%D0%BE%D1%80%D0%B8%D1%81%D0%BE%D0%B2,_%D0%90%D0%BB%D0%B5%D0%BA%D1%81%D0%B0%D0%BD%D0%B4%D1%80_%D0%98%D0%BB%D1%8C%D0%B8%D1%87"
41,Биологи,Павел Гаврилович Борисов,Астраханская Зеленга губерния уезд Астраханский,Астраханская Зеленга губерния уезд Астраханский,1889,1973-01-31,84.0,17,"https://ru.wikipedia.org/wiki/%D0%91%D0%BE%D1%80%D0%B8%D1%81%D0%BE%D0%B2,_%D0%9F%D0%B0%D0%B2%D0%B5%D0%BB_%D0%93%D0%B0%D0%B2%D1%80%D0%B8%D0%BB%D0%BE%D0%B2%D0%B8%D1%87"
42,Биологи,Алексей Алексеевич Борисяк,Ромны губерния империя Российская Полтавская,РСФСР Москва СССР,1872,1944-02-25,72.0,10,"https://ru.wikipedia.org/wiki/%D0%91%D0%BE%D1%80%D0%B8%D1%81%D1%8F%D0%BA,_%D0%90%D0%BB%D0%B5%D0%BA%D1%81%D0%B5%D0%B9_%D0%90%D0%BB%D0%B5%D0%BA%D1%81%D0%B5%D0%B5%D0%B2%D0%B8%D1%87"
43,Биологи,Александр Михайлович Боронин,Сенгилей,,1937-09-30,,82.0,0,"https://ru.wikipedia.org/wiki/%D0%91%D0%BE%D1%80%D0%BE%D0%BD%D0%B8%D0%BD,_%D0%90%D0%BB%D0%B5%D0%BA%D1%81%D0%B0%D0%BD%D0%B4%D1%80_%D0%9C%D0%B8%D1%85%D0%B0%D0%B9%D0%BB%D0%BE%D0%B2%D0%B8%D1%87"
44,Биологи,Александр Браун,Римская Священная Регенсбург империя,Германская империя Берлин,1805-05-10,1877-03-29,71.0,27,"https://ru.wikipedia.org/wiki/%D0%91%D1%80%D0%B0%D1%83%D0%BD,_%D0%90%D0%BB%D0%B5%D0%BA%D1%81%D0%B0%D0%BD%D0%B4%D1%80"
45,Биологи,Макс Браун,Воеводство Польша Силезское Мысловице,Пруссия империя Кёнигсберг Германская королевство,1850-09-30,1930-02-19,79.0,2,"https://ru.wikipedia.org/wiki/%D0%91%D1%80%D0%B0%D1%83%D0%BD,_%D0%9C%D0%B0%D0%BA%D1%81%D0%B8%D0%BC%D0%B8%D0%BB%D0%B8%D0%B0%D0%BD_%D0%9A%D1%80%D0%B8%D1%81%D1%82%D0%B8%D0%B0%D0%BD_%D0%93%D1%83%D1%81%D1%82%D0%B0%D0%B2_%D0%9A%D0%B0%D1%80%D0%BB"
46,Биологи,Нил Браун,Калгари Альберта,,1947,,73.0,0,"https://ru.wikipedia.org/wiki/%D0%91%D1%80%D0%B0%D1%83%D0%BD,_%D0%9D%D0%B8%D0%BB_(%D0%BA%D0%B0%D0%BD%D0%B0%D0%B4%D1%81%D0%BA%D0%B8%D0%B9_%D0%BF%D0%BE%D0%BB%D0%B8%D1%82%D0%B8%D0%BA)"
47,Биологи,Всеволод Яковлевич Бродский,СССР Россия Россия СССР,,1928,,92.0,3,"https://ru.wikipedia.org/wiki/%D0%91%D1%80%D0%BE%D0%B4%D1%81%D0%BA%D0%B8%D0%B9,_%D0%92%D1%81%D0%B5%D0%B2%D0%BE%D0%BB%D0%BE%D0%B4_%D0%AF%D0%BA%D0%BE%D0%B2%D0%BB%D0%B5%D0%B2%D0%B8%D1%87"
48,Биологи,Джошуа Брукс,Великобритания,Лондон,1761-11-24,1833-01-10,71.0,0,"https://ru.wikipedia.org/wiki/%D0%91%D1%80%D1%83%D0%BA%D1%81,_%D0%94%D0%B6%D0%BE%D1%88%D1%83%D0%B0"
49,Биологи,Спиридион Брусина,Задар,Загреб,1845-12-11,1909-05-21,63.0,3,"https://ru.wikipedia.org/wiki/%D0%91%D1%80%D1%83%D1%81%D0%B8%D0%BD%D0%B0,_%D0%A1%D0%BF%D0%B8%D1%80%D0%B8%D0%B4%D0%B8%D0%BE%D0%BD"
50,Биологи,Валерий Фёдорович Брязгин,Карело-Финская Медвежьегорский Возрицы район ССР,,1940-05-25,,79.0,3,"https://ru.wikipedia.org/wiki/%D0%91%D1%80%D1%8F%D0%B7%D0%B3%D0%B8%D0%BD,_%D0%92%D0%B0%D0%BB%D0%B5%D1%80%D0%B8%D0%B9_%D0%A4%D1%91%D0%B4%D0%BE%D1%80%D0%BE%D0%B2%D0%B8%D1%87"
51,Биологи,Анатолий Павлович Булатов,РСФСР район СССР АССР Дуванский Башкирская Лемазы Башкортостан,Район Федерация область Российская Кетовский Курганская,1939-09-14,2017-12-23,78.0,25,"https://ru.wikipedia.org/wiki/%D0%91%D1%83%D0%BB%D0%B0%D1%82%D0%BE%D0%B2,_%D0%90%D0%BD%D0%B0%D1%82%D0%BE%D0%BB%D0%B8%D0%B9_%D0%9F%D0%B0%D0%B2%D0%BB%D0%BE%D0%B2%D0%B8%D1%87"
52,Биологи,Николай Афанасьевич Булгаков,Российская империя Киев,Кламар Франция,1898,1966-06-13,68.0,0,"https://ru.wikipedia.org/wiki/%D0%91%D1%83%D0%BB%D0%B3%D0%B0%D0%BA%D0%BE%D0%B2,_%D0%9D%D0%B8%D0%BA%D0%BE%D0%BB%D0%B0%D0%B9_%D0%90%D1%84%D0%B0%D0%BD%D0%B0%D1%81%D1%8C%D0%B5%D0%B2%D0%B8%D1%87"
53,Биологи,Вилли Бургдорфер,Швейцария Базель,Гамильтон Монтана,1925-06-27,2014-11-17,89.0,0,"https://ru.wikipedia.org/wiki/%D0%91%D1%83%D1%80%D0%B3%D0%B4%D0%BE%D1%80%D1%84%D0%B5%D1%80,_%D0%92%D0%B8%D0%BB%D0%BB%D0%B8"
54,Биологи,Ефросиния Даниловна Буслова,Губерния Могилёвская уезд империя Быховский Российская Быхов,,1897,,123.0,6,"https://ru.wikipedia.org/wiki/%D0%91%D1%83%D1%81%D0%BB%D0%BE%D0%B2%D0%B0,_%D0%95%D1%84%D1%80%D0%BE%D1%81%D0%B8%D0%BD%D0%B8%D1%8F_%D0%94%D0%B0%D0%BD%D0%B8%D0%BB%D0%BE%D0%B2%D0%BD%D0%B0"
55,Биологи,Памела Бьоркман,Портленд,,1956,,64.0,0,"https://ru.wikipedia.org/wiki/%D0%91%D1%8C%D0%BE%D1%80%D0%BA%D0%BC%D0%B0%D0%BD,_%D0%9F%D0%B0%D0%BC%D0%B5%D0%BB%D0%B0"
56,Биологи,Филибер Бьюрж,Bousval Bousval Женап,Feluy,1864,1942-04-19,78.0,6,"https://ru.wikipedia.org/wiki/%D0%91%D1%8C%D1%8E%D1%80%D0%B6,_%D0%A4%D0%B8%D0%BB%D0%B8%D0%B1%D0%B5%D1%80"
57,Биологи,Уильям Бэтсон,Норт-Йоркшир Уитби,Лондон Великобритания Англия Мертон Большой,1861-08-08,1926-02-08,64.0,6,"https://ru.wikipedia.org/wiki/%D0%91%D1%8D%D1%82%D1%81%D0%BE%D0%BD,_%D0%A3%D0%B8%D0%BB%D1%8C%D1%8F%D0%BC"
58,Биологи,Мориц Вагнер,Байройт Бавария,Мюнхен Германская империя,1813-10-03,1887-05-30,73.0,11,"https://ru.wikipedia.org/wiki/%D0%92%D0%B0%D0%B3%D0%BD%D0%B5%D1%80,_%D0%9C%D0%BE%D1%80%D0%B8%D1%86"
59,Биологи,Борис Багратович Вартапетян,Района Мартунинского Чартар Нагорного Карабаха,,1925,,95.0,0,"https://ru.wikipedia.org/wiki/%D0%92%D0%B0%D1%80%D1%82%D0%B0%D0%BF%D0%B5%D1%82%D1%8F%D0%BD,_%D0%91%D0%BE%D1%80%D0%B8%D1%81_%D0%91%D0%B0%D0%B3%D1%80%D0%B0%D1%82%D0%BE%D0%B2%D0%B8%D1%87"
60,Биологи,Алексей Геннадьевич Васильев,Одесса,,1952-02-26,,67.0,0,"https://ru.wikipedia.org/wiki/%D0%92%D0%B0%D1%81%D0%B8%D0%BB%D1%8C%D0%B5%D0%B2,_%D0%90%D0%BB%D0%B5%D0%BA%D1%81%D0%B5%D0%B9_%D0%93%D0%B5%D0%BD%D0%BD%D0%B0%D0%B4%D1%8C%D0%B5%D0%B2%D0%B8%D1%87"
61,Биологи,Андрей Валентинович Васильев,Москва,,1961-04-18,,58.0,0,"https://ru.wikipedia.org/wiki/%D0%92%D0%B0%D1%81%D0%B8%D0%BB%D1%8C%D0%B5%D0%B2,_%D0%90%D0%BD%D0%B4%D1%80%D0%B5%D0%B9_%D0%92%D0%B0%D0%BB%D0%B5%D0%BD%D1%82%D0%B8%D0%BD%D0%BE%D0%B2%D0%B8%D1%87"
62,Биологи,Ирина Антоновна Васильева,Свердловск,,1952-06-22,,67.0,0,"https://ru.wikipedia.org/wiki/%D0%92%D0%B0%D1%81%D0%B8%D0%BB%D1%8C%D0%B5%D0%B2%D0%B0,_%D0%98%D1%80%D0%B8%D0%BD%D0%B0_%D0%90%D0%BD%D1%82%D0%BE%D0%BD%D0%BE%D0%B2%D0%BD%D0%B0"
63,Биологи,Юлия Венеровна Вахитова,СССР Россия Россия СССР,,1973-10-17,,46.0,0,"https://ru.wikipedia.org/wiki/%D0%92%D0%B0%D1%85%D0%B8%D1%82%D0%BE%D0%B2%D0%B0,_%D0%AE%D0%BB%D0%B8%D1%8F_%D0%92%D0%B5%D0%BD%D0%B5%D1%80%D0%BE%D0%B2%D0%BD%D0%B0"
64,Биологи,Елпидифор Алексеевич Веселов,Костромской губерния Фёдорово уезд Костромская,Карелия Петрозаводск Республика,1910,2004-12-30,94.0,8,"https://ru.wikipedia.org/wiki/%D0%92%D0%B5%D1%81%D0%B5%D0%BB%D0%BE%D0%B2,_%D0%95%D0%BB%D0%BF%D0%B8%D0%B4%D0%B8%D1%84%D0%BE%D1%80_%D0%90%D0%BB%D0%B5%D0%BA%D1%81%D0%B5%D0%B5%D0%B2%D0%B8%D1%87"
65,Биологи,Рикард Вестлинг,Швеция Söderåkra уния Шведско-норвежская Кальмар,Швеция Söderåkra уния Шведско-норвежская Кальмар,1868-11-14,1942-12-19,74.0,3,"https://ru.wikipedia.org/wiki/%D0%92%D0%B5%D1%81%D1%82%D0%BB%D0%B8%D0%BD%D0%B3,_%D0%A0%D0%B8%D0%BA%D0%B0%D1%80%D0%B4"
66,Биологи,Доменико Вивиани,Лигурия Леванто Специя Италия,Генуя Италия,1772-07-29,1840-02-15,67.0,0,"https://ru.wikipedia.org/wiki/%D0%92%D0%B8%D0%B2%D0%B8%D0%B0%D0%BD%D0%B8,_%D0%94%D0%BE%D0%BC%D0%B5%D0%BD%D0%B8%D0%BA%D0%BE"
67,Биологи,Юрий Андреевич Владимиров,Ямашево район Канашский,,1932-08-18,,87.0,3,"https://ru.wikipedia.org/wiki/%D0%92%D0%BB%D0%B0%D0%B4%D0%B8%D0%BC%D0%B8%D1%80%D0%BE%D0%B2,_%D0%AE%D1%80%D0%B8%D0%B9_%D0%90%D0%BD%D0%B4%D1%80%D0%B5%D0%B5%D0%B2%D0%B8%D1%87"
68,Биологи,Этьен Вольф,Бургундия Йонна Франш-Конте Осер —,Париж,1904-02-12,1996-11-18,92.0,8,"https://ru.wikipedia.org/wiki/%D0%92%D0%BE%D0%BB%D1%8C%D1%84,_%D0%AD%D1%82%D1%8C%D0%B5%D0%BD"
69,Биологи,Борис Александрович Воронов,Егорьевск,,1947-06-19,,72.0,4,"https://ru.wikipedia.org/wiki/%D0%92%D0%BE%D1%80%D0%BE%D0%BD%D0%BE%D0%B2,_%D0%91%D0%BE%D1%80%D0%B8%D1%81_%D0%90%D0%BB%D0%B5%D0%BA%D1%81%D0%B0%D0%BD%D0%B4%D1%80%D0%BE%D0%B2%D0%B8%D1%87_(%D1%8D%D0%BA%D0%BE%D0%BB%D0%BE%D0%B3)"
70,Биологи,Пётр Петрович Второв,Москва СССР,Москва СССР,1938-08-01,1979-01-05,40.0,79,"https://ru.wikipedia.org/wiki/%D0%92%D1%82%D0%BE%D1%80%D0%BE%D0%B2,_%D0%9F%D1%91%D1%82%D1%80_%D0%9F%D0%B5%D1%82%D1%80%D0%BE%D0%B2%D0%B8%D1%87"
71,Биологи,Дина Руфиновна Габе,,,1912,1982,70.0,0,"https://ru.wikipedia.org/wiki/%D0%93%D0%B0%D0%B1%D0%B5,_%D0%94%D0%B8%D0%BD%D0%B0_%D0%A0%D1%83%D1%84%D0%B8%D0%BD%D0%BE%D0%B2%D0%BD%D0%B0"
72,Биологи,Кирилл Владимирович Галактионов,СССР Россия Россия СССР,,1954,,66.0,1,"https://ru.wikipedia.org/wiki/%D0%93%D0%B0%D0%BB%D0%B0%D0%BA%D1%82%D0%B8%D0%BE%D0%BD%D0%BE%D0%B2,_%D0%9A%D0%B8%D1%80%D0%B8%D0%BB%D0%BB_%D0%92%D0%BB%D0%B0%D0%B4%D0%B8%D0%BC%D0%B8%D1%80%D0%BE%D0%B2%D0%B8%D1%87"
73,Биологи,Станислав Геннадьевич Галактионов,Смоленск РСФСР СССР,Мобил США Алабама,1937-03-07,2011-04-08,74.0,16,"https://ru.wikipedia.org/wiki/%D0%93%D0%B0%D0%BB%D0%B0%D0%BA%D1%82%D0%B8%D0%BE%D0%BD%D0%BE%D0%B2,_%D0%A1%D1%82%D0%B0%D0%BD%D0%B8%D1%81%D0%BB%D0%B0%D0%B2_%D0%93%D0%B5%D0%BD%D0%BD%D0%B0%D0%B4%D1%8C%D0%B5%D0%B2%D0%B8%D1%87"
74,Биологи,Галузо Илларион Григорьевич,Сенненский губерния Могилёвская уезд империя Российская,Сенненский губерния Могилёвская уезд империя Российская,1899,1977-10-10,78.0,4,"https://ru.wikipedia.org/wiki/%D0%93%D0%B0%D0%BB%D1%83%D0%B7%D0%BE,_%D0%98%D0%BB%D0%BB%D0%B0%D1%80%D0%B8%D0%BE%D0%BD_%D0%93%D1%80%D0%B8%D0%B3%D0%BE%D1%80%D1%8C%D0%B5%D0%B2%D0%B8%D1%87"
75,Биологи,Папин Арташесович Гандилян,Армянская район СССР ССР Ацарат Нор-Баязетский,Ереван Армения,1929-03-15,2001-03-26,72.0,0,"https://ru.wikipedia.org/wiki/%D0%93%D0%B0%D0%BD%D0%B4%D0%B8%D0%BB%D1%8F%D0%BD,_%D0%9F%D0%B0%D0%BF%D0%B8%D0%BD_%D0%90%D1%80%D1%82%D0%B0%D1%88%D0%B5%D1%81%D0%BE%D0%B2%D0%B8%D1%87"
76,Биологи,Сергей Петрович Гапонов,РСФСР Воронеж СССР,,1964-12-03,,55.0,51,"https://ru.wikipedia.org/wiki/%D0%93%D0%B0%D0%BF%D0%BE%D0%BD%D0%BE%D0%B2,_%D0%A1%D0%B5%D1%80%D0%B3%D0%B5%D0%B9_%D0%9F%D0%B5%D1%82%D1%80%D0%BE%D0%B2%D0%B8%D1%87"
77,Биологи,Росс Гренвилл Гаррисон,США Пенсильвания Джермантаун,Коннектикут Нью-Хейвен США,1870-01-13,1959-09-30,89.0,0,"https://ru.wikipedia.org/wiki/%D0%93%D0%B0%D1%80%D1%80%D0%B8%D1%81%D0%BE%D0%BD,_%D0%A0%D0%BE%D1%81%D1%81"
78,Биологи,Владимир Георгиевич Гаршин,,Ленинград,1887,1956-04-20,69.0,4,"https://ru.wikipedia.org/wiki/%D0%93%D0%B0%D1%80%D1%88%D0%B8%D0%BD,_%D0%92%D0%BB%D0%B0%D0%B4%D0%B8%D0%BC%D0%B8%D1%80_%D0%93%D0%B5%D0%BE%D1%80%D0%B3%D0%B8%D0%B5%D0%B2%D0%B8%D1%87"
79,Биологи,София Георгиевна Георгиева,СССР Россия Россия СССР,,1958,,62.0,0,"https://ru.wikipedia.org/wiki/%D0%93%D0%B5%D0%BE%D1%80%D0%B3%D0%B8%D0%B5%D0%B2%D0%B0,_%D0%A1%D0%BE%D1%84%D0%B8%D1%8F_%D0%93%D0%B5%D0%BE%D1%80%D0%B3%D0%B8%D0%B5%D0%B2%D0%BD%D0%B0"
80,Биологи,Карл Густавович фон Гернет,Ревель,Ревель,1819-04-18,1892-12-25,73.0,3,"https://ru.wikipedia.org/wiki/%D0%93%D0%B5%D1%80%D0%BD%D0%B5%D1%82,_%D0%9A%D0%B0%D1%80%D0%BB_%D0%93%D1%83%D1%81%D1%82%D0%B0%D0%B2%D0%BE%D0%B2%D0%B8%D1%87_%D1%84%D0%BE%D0%BD"
81,Биологи,Мурат Курмашевич Гильманов,Социалистическая Киргизская Ош Советская Республика,Алматы,1942-04-23,2014,72.0,2,"https://ru.wikipedia.org/wiki/%D0%93%D0%B8%D0%BB%D1%8C%D0%BC%D0%B0%D0%BD%D0%BE%D0%B2,_%D0%9C%D1%83%D1%80%D0%B0%D1%82_%D0%9A%D1%83%D1%80%D0%BC%D0%B0%D1%88%D0%B5%D0%B2%D0%B8%D1%87"
82,Биологи,Александр Леонидович Гинцбург,СССР Россия Россия СССР,,1951-11-10,,68.0,2,"https://ru.wikipedia.org/wiki/%D0%93%D0%B8%D0%BD%D1%86%D0%B1%D1%83%D1%80%D0%B3,_%D0%90%D0%BB%D0%B5%D0%BA%D1%81%D0%B0%D0%BD%D0%B4%D1%80_%D0%9B%D0%B5%D0%BE%D0%BD%D0%B8%D0%B4%D0%BE%D0%B2%D0%B8%D1%87"
83,Биологи,Михаил Константинович Глубоковский,Смоленск РСФСР СССР,,1948-09-20,,71.0,0,"https://ru.wikipedia.org/wiki/%D0%93%D0%BB%D1%83%D0%B1%D0%BE%D0%BA%D0%BE%D0%B2%D1%81%D0%BA%D0%B8%D0%B9,_%D0%9C%D0%B8%D1%85%D0%B0%D0%B8%D0%BB_%D0%9A%D0%BE%D0%BD%D1%81%D1%82%D0%B0%D0%BD%D1%82%D0%B8%D0%BD%D0%BE%D0%B2%D0%B8%D1%87"
84,Биологи,Николай Васильевич Гнучев,Москва,,1934-06-14,,85.0,0,"https://ru.wikipedia.org/wiki/%D0%93%D0%BD%D1%83%D1%87%D0%B5%D0%B2,_%D0%9D%D0%B8%D0%BA%D0%BE%D0%BB%D0%B0%D0%B9_%D0%92%D0%B0%D1%81%D0%B8%D0%BB%D1%8C%D0%B5%D0%B2%D0%B8%D1%87"
85,Биологи,Эмиль Годлевский (младший),Львов,Краков,1875-08-12,1944-04-25,68.0,0,"https://ru.wikipedia.org/wiki/%D0%93%D0%BE%D0%B4%D0%BB%D0%B5%D0%B2%D1%81%D0%BA%D0%B8%D0%B9,_%D0%AD%D0%BC%D0%B8%D0%BB%D1%8C_(%D0%BC%D0%BB%D0%B0%D0%B4%D1%88%D0%B8%D0%B9)"
86,Биологи,Павел Яковлевич Голодрига,Сутиски Тывровский район Украина,Крымская СССР область ССР Ялта Украинская,1920-05-05,1986-12-19,66.0,5,"https://ru.wikipedia.org/wiki/%D0%93%D0%BE%D0%BB%D0%BE%D0%B4%D1%80%D0%B8%D0%B3%D0%B0,_%D0%9F%D0%B0%D0%B2%D0%B5%D0%BB_%D0%AF%D0%BA%D0%BE%D0%B2%D0%BB%D0%B5%D0%B2%D0%B8%D1%87"
87,Биологи,Вадим Геннадьевич Грачёв,Москва СССР,Москва Россия,1963-05-01,2006-10-17,43.0,30,"https://ru.wikipedia.org/wiki/%D0%93%D1%80%D0%B0%D1%87%D1%91%D0%B2,_%D0%92%D0%B0%D0%B4%D0%B8%D0%BC_%D0%93%D0%B5%D0%BD%D0%BD%D0%B0%D0%B4%D1%8C%D0%B5%D0%B2%D0%B8%D1%87"
88,Биологи,Дуглас Грин,,,1955,,65.0,0,"https://ru.wikipedia.org/wiki/%D0%93%D1%80%D0%B8%D0%BD,_%D0%94%D1%83%D0%B3%D0%BB%D0%B0%D1%81"
89,Биологи,Андрей Владимирович Гудков,,,1956,,64.0,0,"https://ru.wikipedia.org/wiki/%D0%93%D1%83%D0%B4%D0%BA%D0%BE%D0%B2,_%D0%90%D0%BD%D0%B4%D1%80%D0%B5%D0%B9_%D0%92%D0%BB%D0%B0%D0%B4%D0%B8%D0%BC%D0%B8%D1%80%D0%BE%D0%B2%D0%B8%D1%87"
90,Биологи,Эдвин Стефен Гудрич,Уэстон-сьюпер-Мэр Великобритания Юго-Западная Сомерсет Англия,Оксфорд Великобритания,1868-06-21,1946-01-06,77.0,0,"https://ru.wikipedia.org/wiki/%D0%93%D1%83%D0%B4%D1%80%D0%B8%D1%87,_%D0%AD%D0%B4%D0%B2%D0%B8%D0%BD_%D0%A1%D1%82%D0%B5%D1%84%D0%B5%D0%BD"
91,Биологи,Стивен Гулд,США Куинс Нью-Йорк,Манхэттен США Нью-Йорк,1941-09-10,2002-05-20,60.0,20,"https://ru.wikipedia.org/wiki/%D0%93%D1%83%D0%BB%D0%B4,_%D0%A1%D1%82%D0%B8%D0%B2%D0%B5%D0%BD_%D0%94%D0%B6%D0%B5%D0%B9"
92,Биологи,Наталия Гусева (с 1993 — Наталия Мурашкевич),РСФСР СССР область Звенигород Московская,,1972-02-15,,47.0,1,"https://ru.wikipedia.org/wiki/%D0%93%D1%83%D1%81%D0%B5%D0%B2%D0%B0,_%D0%9D%D0%B0%D1%82%D0%B0%D0%BB%D0%B8%D1%8F_%D0%95%D0%B2%D0%B3%D0%B5%D0%BD%D1%8C%D0%B5%D0%B2%D0%BD%D0%B0"
93,Биологи,Джон Лэнгдон Даун,Великобритания Юго-Западная Корнуолл Торпойнт Англия,Лондон Великобритания Ричмонд-апон-Темс Англия Большой,1828-11-18,1896-10-07,67.0,0,"https://ru.wikipedia.org/wiki/%D0%94%D0%B0%D1%83%D0%BD,_%D0%94%D0%B6%D0%BE%D0%BD_%D0%9B%D1%8D%D0%BD%D0%B3%D0%B4%D0%BE%D0%BD_%D0%A5%D1%8D%D0%B9%D0%B4%D0%BE%D0%BD"
94,Биологи,Сергей Михайлович Деев,Москва,,1951-09-16,,68.0,0,"https://ru.wikipedia.org/wiki/%D0%94%D0%B5%D0%B5%D0%B2,_%D0%A1%D0%B5%D1%80%D0%B3%D0%B5%D0%B9_%D0%9C%D0%B8%D1%85%D0%B0%D0%B9%D0%BB%D0%BE%D0%B2%D0%B8%D1%87"
95,Биологи,Мари-Ив Делаж,Авиньон,Со,1854-05-13,1920-10-07,66.0,4,"https://ru.wikipedia.org/wiki/%D0%94%D0%B5%D0%BB%D0%B0%D0%B6,_%D0%9C%D0%B0%D1%80%D0%B8-%D0%98%D0%B2"
96,Биологи,Наталья Львовна Делоне,ЗСФСР Тифлис СССР,,1923,,97.0,8,"https://ru.wikipedia.org/wiki/%D0%94%D0%B5%D0%BB%D0%BE%D0%BD%D0%B5,_%D0%9D%D0%B0%D1%82%D0%B0%D0%BB%D1%8C%D1%8F_%D0%9B%D1%8C%D0%B2%D0%BE%D0%B2%D0%BD%D0%B0"
97,Биологи,Виталий Алексеевич Демаков,РСФСР Котельнич СССР область Кировская,,1946-10-23,,73.0,0,"https://ru.wikipedia.org/wiki/%D0%94%D0%B5%D0%BC%D0%B0%D0%BA%D0%BE%D0%B2,_%D0%92%D0%B8%D1%82%D0%B0%D0%BB%D0%B8%D0%B9_%D0%90%D0%BB%D0%B5%D0%BA%D1%81%D0%B5%D0%B5%D0%B2%D0%B8%D1%87"
98,Биологи,Ивонн Джонс,Великобритания Шропшир Англия Озуэстри,,1960,,60.0,0,"https://ru.wikipedia.org/wiki/%D0%94%D0%B6%D0%BE%D0%BD%D1%81,_%D0%98%D0%B2%D0%BE%D0%BD%D0%BD"
99,Биологи,Пётр Николаевич Диатроптов,Губерния империя Пензенская Российская Наровчат,Москва СССР,1858,1934-02-12,76.0,6,"https://ru.wikipedia.org/wiki/%D0%94%D0%B8%D0%B0%D1%82%D1%80%D0%BE%D0%BF%D1%82%D0%BE%D0%B2,_%D0%9F%D1%91%D1%82%D1%80_%D0%9D%D0%B8%D0%BA%D0%BE%D0%BB%D0%B0%D0%B5%D0%B2%D0%B8%D1%87"
100,Биологи,Владимир Леонидович Динец,Москва СССР,,1969-05-17,,50.0,3,"https://ru.wikipedia.org/wiki/%D0%94%D0%B8%D0%BD%D0%B5%D1%86,_%D0%92%D0%BB%D0%B0%D0%B4%D0%B8%D0%BC%D0%B8%D1%80_%D0%9B%D0%B5%D0%BE%D0%BD%D0%B8%D0%B4%D0%BE%D0%B2%D0%B8%D1%87"
101,Биологи,Николай Дроздов,Москва СССР,,1937-06-20,,82.0,15,"https://ru.wikipedia.org/wiki/%D0%94%D1%80%D0%BE%D0%B7%D0%B4%D0%BE%D0%B2,_%D0%9D%D0%B8%D0%BA%D0%BE%D0%BB%D0%B0%D0%B9_%D0%9D%D0%B8%D0%BA%D0%BE%D0%BB%D0%B0%D0%B5%D0%B2%D0%B8%D1%87"
102,Биологи,Джеффри Дэнгл,США,,1957,,63.0,0,"https://ru.wikipedia.org/wiki/%D0%94%D1%8D%D0%BD%D0%B3%D0%BB,_%D0%94%D0%B6%D0%B5%D1%84%D1%84%D1%80%D0%B8"
103,Биологи,Иван Алексеевич Дятлов,Москва СССР,,1959-08-18,,60.0,0,"https://ru.wikipedia.org/wiki/%D0%94%D1%8F%D1%82%D0%BB%D0%BE%D0%B2,_%D0%98%D0%B2%D0%B0%D0%BD_%D0%90%D0%BB%D0%B5%D0%BA%D1%81%D0%B5%D0%B5%D0%B2%D0%B8%D1%87"
104,Биологи,Зинаида Виссарионовна Ермольева,Донского область Фролов империя Российская Войска,Москва СССР,1898-10-27,1974,76.0,0,"https://ru.wikipedia.org/wiki/%D0%95%D1%80%D0%BC%D0%BE%D0%BB%D1%8C%D0%B5%D0%B2%D0%B0,_%D0%97%D0%B8%D0%BD%D0%B0%D0%B8%D0%B4%D0%B0_%D0%92%D0%B8%D1%81%D1%81%D0%B0%D1%80%D0%B8%D0%BE%D0%BD%D0%BE%D0%B2%D0%BD%D0%B0"
105,Биологи,Иван Антонович Ефремов,Губерния Вырица Санкт-Петербургская Царскосельский уезд империя Российская,Москва СССР,1908,1972-10-05,64.0,37,"https://ru.wikipedia.org/wiki/%D0%95%D1%84%D1%80%D0%B5%D0%BC%D0%BE%D0%B2,_%D0%98%D0%B2%D0%B0%D0%BD_%D0%90%D0%BD%D1%82%D0%BE%D0%BD%D0%BE%D0%B2%D0%B8%D1%87"
106,Биологи,Альфред Матье Жиар,Валансьен,Орсе,1846,1908,62.0,5,"https://ru.wikipedia.org/wiki/%D0%96%D0%B8%D0%B0%D1%80,_%D0%90%D0%BB%D1%8C%D1%84%D1%80%D0%B5%D0%B4_%D0%9C%D0%B0%D1%82%D1%8C%D0%B5"
107,Биологи,Пётр Иванович Живаго,Москва Российская империя,Москва СССР,1883-09-08,1948-10-30,65.0,8,"https://ru.wikipedia.org/wiki/%D0%96%D0%B8%D0%B2%D0%B0%D0%B3%D0%BE,_%D0%9F%D1%91%D1%82%D1%80_%D0%98%D0%B2%D0%B0%D0%BD%D0%BE%D0%B2%D0%B8%D1%87"
108,Биологи,Дмитрий Евгеньевич Жуковский,Губерния империя Новогеоргиевск Российская Полоцкая,Область СССР Курская,1868-08-23,1943,75.0,3,"https://ru.wikipedia.org/wiki/%D0%96%D1%83%D0%BA%D0%BE%D0%B2%D1%81%D0%BA%D0%B8%D0%B9,_%D0%94%D0%BC%D0%B8%D1%82%D1%80%D0%B8%D0%B9_%D0%95%D0%B2%D0%B3%D0%B5%D0%BD%D1%8C%D0%B5%D0%B2%D0%B8%D1%87"
109,Биологи,Михаил Николаевич Запрометов,Ташкент,Москва,1918-06-20,2008,90.0,0,"https://ru.wikipedia.org/wiki/%D0%97%D0%B0%D0%BF%D1%80%D0%BE%D0%BC%D0%B5%D1%82%D0%BE%D0%B2,_%D0%9C%D0%B8%D1%85%D0%B0%D0%B8%D0%BB_%D0%9D%D0%B8%D0%BA%D0%BE%D0%BB%D0%B0%D0%B5%D0%B2%D0%B8%D1%87"
110,Биологи,Владимир Михайлович Захаров,Вильнюс ЛитССР,,1953-07-15,,66.0,0,"https://ru.wikipedia.org/wiki/%D0%97%D0%B0%D1%85%D0%B0%D1%80%D0%BE%D0%B2,_%D0%92%D0%BB%D0%B0%D0%B4%D0%B8%D0%BC%D0%B8%D1%80_%D0%9C%D0%B8%D1%85%D0%B0%D0%B9%D0%BB%D0%BE%D0%B2%D0%B8%D1%87_(%D0%B1%D0%B8%D0%BE%D0%BB%D0%BE%D0%B3)"
111,Биологи,Виталий Васильевич Зверев,СССР область ССР Кадиевка Украинская Ворошиловградская,,1952-06-03,,67.0,0,"https://ru.wikipedia.org/wiki/%D0%97%D0%B2%D0%B5%D1%80%D0%B5%D0%B2,_%D0%92%D0%B8%D1%82%D0%B0%D0%BB%D0%B8%D0%B9_%D0%92%D0%B0%D1%81%D0%B8%D0%BB%D1%8C%D0%B5%D0%B2%D0%B8%D1%87"
112,Биологи,Земсков Михаил Васильевич,Российская империя Самара,Федерация Российская Воронеж,1908,1998,90.0,13,"https://ru.wikipedia.org/wiki/%D0%97%D0%B5%D0%BC%D1%81%D0%BA%D0%BE%D0%B2,_%D0%9C%D0%B8%D1%85%D0%B0%D0%B8%D0%BB_%D0%92%D0%B0%D1%81%D0%B8%D0%BB%D1%8C%D0%B5%D0%B2%D0%B8%D1%87"
113,Биологи,Хайнц Зильманн,Провинция Мёнхенгладбах Пруссия Германская королевство,Германия Мюнхен,1917-06-02,2006-10-06,89.0,3,"https://ru.wikipedia.org/wiki/%D0%97%D0%B8%D0%BB%D1%8C%D0%BC%D0%B0%D0%BD%D0%BD,_%D0%A5%D0%B0%D0%B9%D0%BD%D1%86"
114,Биологи,Юрий Николаевич Зограф,Москва СССР,Москва СССР,1936-05-15,1985-12-25,49.0,0,"https://ru.wikipedia.org/wiki/%D0%97%D0%BE%D0%B3%D1%80%D0%B0%D1%84,_%D0%AE%D1%80%D0%B8%D0%B9_%D0%9D%D0%B8%D0%BA%D0%BE%D0%BB%D0%B0%D0%B5%D0%B2%D0%B8%D1%87"
115,Биологи,Софья Яковлевна Золотницкая,Губерния империя Российская Таврическая Севастополь,Армянская Ереван ССР СССР,1906-03-17,1968-06-29,62.0,0,"https://ru.wikipedia.org/wiki/%D0%97%D0%BE%D0%BB%D0%BE%D1%82%D0%BD%D0%B8%D1%86%D0%BA%D0%B0%D1%8F,_%D0%A1%D0%BE%D1%84%D1%8C%D1%8F_%D0%AF%D0%BA%D0%BE%D0%B2%D0%BB%D0%B5%D0%B2%D0%BD%D0%B0"
116,Биологи,Борис Иванович Иваненко,Полтава,Полтава,1888,1969,81.0,8,"https://ru.wikipedia.org/wiki/%D0%98%D0%B2%D0%B0%D0%BD%D0%B5%D0%BD%D0%BA%D0%BE,_%D0%91%D0%BE%D1%80%D0%B8%D1%81_%D0%98%D0%B2%D0%B0%D0%BD%D0%BE%D0%B2%D0%B8%D1%87"
117,Биологи,Илья Иванович Иванов,Щигры губерния Курская империя Российская,РСФСР Алма-Ата СССР,1870,1932-03-20,62.0,5,"https://ru.wikipedia.org/wiki/%D0%98%D0%B2%D0%B0%D0%BD%D0%BE%D0%B2,_%D0%98%D0%BB%D1%8C%D1%8F_%D0%98%D0%B2%D0%B0%D0%BD%D0%BE%D0%B2%D0%B8%D1%87_(%D0%B1%D0%B8%D0%BE%D0%BB%D0%BE%D0%B3)"
118,Биологи,Михаил Владимирович Иванов,РСФСР Москва СССР,Москва Россия,1930,2018,88.0,12,"https://ru.wikipedia.org/wiki/%D0%98%D0%B2%D0%B0%D0%BD%D0%BE%D0%B2,_%D0%9C%D0%B8%D1%85%D0%B0%D0%B8%D0%BB_%D0%92%D0%BB%D0%B0%D0%B4%D0%B8%D0%BC%D0%B8%D1%80%D0%BE%D0%B2%D0%B8%D1%87_(%D0%BC%D0%B8%D0%BA%D1%80%D0%BE%D0%B1%D0%B8%D0%BE%D0%BB%D0%BE%D0%B3)"
119,Биологи,Галина Иванова,Ленинград СССР,,1937-03-18,,82.0,0,"https://ru.wikipedia.org/wiki/%D0%98%D0%B2%D0%B0%D0%BD%D0%BE%D0%B2%D0%B0,_%D0%93%D0%B0%D0%BB%D0%B8%D0%BD%D0%B0_%D0%9F%D0%B0%D0%B2%D0%BB%D0%BE%D0%B2%D0%BD%D0%B0"
120,Биологи,Сергей Ивченко,Район Харьковский СССР Буды ССР Украинская,Район Харьковский СССР Буды ССР Украинская,1925-03-25,1984-11-13,59.0,7,"https://ru.wikipedia.org/wiki/%D0%98%D0%B2%D1%87%D0%B5%D0%BD%D0%BA%D0%BE,_%D0%A1%D0%B5%D1%80%D0%B3%D0%B5%D0%B9_%D0%98%D0%B2%D0%B0%D0%BD%D0%BE%D0%B2%D0%B8%D1%87"
121,Биологи,Юрий Викторович Ильин,Асбест,,1941-12-21,,78.0,0,"https://ru.wikipedia.org/wiki/%D0%98%D0%BB%D1%8C%D0%B8%D0%BD,_%D0%AE%D1%80%D0%B8%D0%B9_%D0%92%D0%B8%D0%BA%D1%82%D0%BE%D1%80%D0%BE%D0%B2%D0%B8%D1%87"
122,Биологи,Андижан Исенжулов,Область Западно-Казахстанская СССР,Казахстан Алма-Ата,1910,1996-02-14,86.0,0,"https://ru.wikipedia.org/wiki/%D0%98%D1%81%D0%B5%D0%BD%D0%B6%D1%83%D0%BB%D0%BE%D0%B2,_%D0%90%D0%BD%D0%B4%D0%B8%D0%B6%D0%B0%D0%BD_%D0%98%D1%81%D0%B5%D0%BD%D0%B6%D1%83%D0%BB%D0%BE%D0%B2%D0%B8%D1%87"
123,Биологи,Хамит Кавиев,Чебоксарский Альменево уезд империя Российская Казанская,Волынская СССР область ССР Дружкополь Украинская,1906,1944-06-15,38.0,6,"https://ru.wikipedia.org/wiki/%D0%9A%D0%B0%D0%B2%D0%B8%D0%B5%D0%B2,_%D0%A5%D0%B0%D0%BC%D0%B8%D1%82_%D0%A1%D0%B0%D0%BB%D0%B8%D0%BC%D0%BE%D0%B2%D0%B8%D1%87"
124,Биологи,Фанни Ильинична Каган,Губерния Могилёвская империя Гомель Российская,РСФСР Москва СССР,1903-11-10,1990-01-14,86.0,2,"https://ru.wikipedia.org/wiki/%D0%9A%D0%B0%D0%B3%D0%B0%D0%BD,_%D0%A4%D0%B0%D0%BD%D0%BD%D0%B8_%D0%98%D0%BB%D1%8C%D0%B8%D0%BD%D0%B8%D1%87%D0%BD%D0%B0"
125,Биологи,Ви́ктор Ива́нович Казано́вский,Российская империя,Киев,,1919-03-21,,4,"https://ru.wikipedia.org/wiki/%D0%9A%D0%B0%D0%B7%D0%B0%D0%BD%D0%BE%D0%B2%D1%81%D0%BA%D0%B8%D0%B9,_%D0%92%D0%B8%D0%BA%D1%82%D0%BE%D1%80_%D0%98%D0%B2%D0%B0%D0%BD%D0%BE%D0%B2%D0%B8%D1%87"
126,Биологи,Арутюн Ервандович Карапетян,Армянская ЗСФСР СССР ССР Эривань,Ереван Армения,1923-03-02,1997-08-04,74.0,3,"https://ru.wikipedia.org/wiki/%D0%9A%D0%B0%D1%80%D0%B0%D0%BF%D0%B5%D1%82%D1%8F%D0%BD,_%D0%90%D1%80%D1%83%D1%82%D1%8E%D0%BD_%D0%95%D1%80%D0%B2%D0%B0%D0%BD%D0%B4%D0%BE%D0%B2%D0%B8%D1%87"
127,Биологи,Саак Карапетович Карапетян,Армавир Российская империя,Армянская Ереван ССР СССР,1906-05-16,1987,81.0,0,"https://ru.wikipedia.org/wiki/%D0%9A%D0%B0%D1%80%D0%B0%D0%BF%D0%B5%D1%82%D1%8F%D0%BD,_%D0%A1%D0%B0%D0%B0%D0%BA_%D0%9A%D0%B0%D1%80%D0%B0%D0%BF%D0%B5%D1%82%D0%BE%D0%B2%D0%B8%D1%87"
128,Биологи,"Карини, Антонио",,,1872,1950,78.0,0,"https://ru.wikipedia.org/wiki/%D0%9A%D0%B0%D1%80%D0%B8%D0%BD%D0%B8,_%D0%90%D0%BD%D1%82%D0%BE%D0%BD%D0%B8%D0%BE"
129,Биологи,Джон Карлсон,США,,1955-10-16,,64.0,0,"https://ru.wikipedia.org/wiki/%D0%9A%D0%B0%D1%80%D0%BB%D1%81%D0%BE%D0%BD,_%D0%94%D0%B6%D0%BE%D0%BD_(%D0%B1%D0%B8%D0%BE%D0%BB%D0%BE%D0%B3)"
130,Биологи,Владимир Порфирьевич Карпов,Москва,Саратов,1870,1943-07-14,73.0,0,"https://ru.wikipedia.org/wiki/%D0%9A%D0%B0%D1%80%D0%BF%D0%BE%D0%B2,_%D0%92%D0%BB%D0%B0%D0%B4%D0%B8%D0%BC%D0%B8%D1%80_%D0%9F%D0%BE%D1%80%D1%84%D0%B8%D1%80%D1%8C%D0%B5%D0%B2%D0%B8%D1%87"
131,Биологи,Сергей Петрович Карпов,Томск,РСФСР Томск СССР,1903,1976-08-25,73.0,1,"https://ru.wikipedia.org/wiki/%D0%9A%D0%B0%D1%80%D0%BF%D0%BE%D0%B2,_%D0%A1%D0%B5%D1%80%D0%B3%D0%B5%D0%B9_%D0%9F%D0%B5%D1%82%D1%80%D0%BE%D0%B2%D0%B8%D1%87"
132,Биологи,Маис Алекпер оглы Касумов,АССР Нахичеванская Нахичевань,,1939,,81.0,6,"https://ru.wikipedia.org/wiki/%D0%9A%D0%B0%D1%81%D1%83%D0%BC%D0%BE%D0%B2,_%D0%9C%D0%B0%D0%B8%D1%81_%D0%90%D0%BB%D0%B5%D0%BA%D0%BF%D0%B5%D1%80_%D0%BE%D0%B3%D0%BB%D1%8B"
133,Биологи,Елена Каттанео,Италия Милан,,1962-10-22,,57.0,0,"https://ru.wikipedia.org/wiki/%D0%9A%D0%B0%D1%82%D1%82%D0%B0%D0%BD%D0%B5%D0%BE,_%D0%95%D0%BB%D0%B5%D0%BD%D0%B0"
134,Биологи,Дональд Кеннеди,США Нью-Йорк,,1931-08-18,,88.0,0,"https://ru.wikipedia.org/wiki/%D0%9A%D0%B5%D0%BD%D0%BD%D0%B5%D0%B4%D0%B8,_%D0%94%D0%BE%D0%BD%D0%B0%D0%BB%D1%8C%D0%B4"
135,Биологи,Карл Фридрих Кильмейер,Бебенхаузен,Штутгарт,1765-10-22,1844-09-24,78.0,7,"https://ru.wikipedia.org/wiki/%D0%9A%D0%B8%D0%BB%D1%8C%D0%BC%D0%B5%D0%B9%D0%B5%D1%80,_%D0%9A%D0%B0%D1%80%D0%BB_%D0%A4%D1%80%D0%B8%D0%B4%D1%80%D0%B8%D1%85"
136,Биологи,Ким Тимофей Антонович,РСФСР СССР,Красноярск,1927-12-21,2013-08-12,85.0,6,"https://ru.wikipedia.org/wiki/%D0%9A%D0%B8%D0%BC,_%D0%A2%D0%B8%D0%BC%D0%BE%D1%84%D0%B5%D0%B9_%D0%90%D0%BD%D1%82%D0%BE%D0%BD%D0%BE%D0%B2%D0%B8%D1%87"
137,Биологи,Карл Фридрих Вильгельм Клаус,Кассель,Вена,1835,1899-01-18,64.0,0,"https://ru.wikipedia.org/wiki/%D0%9A%D0%BB%D0%B0%D1%83%D1%81,_%D0%9A%D0%B0%D1%80%D0%BB_%D0%A4%D1%80%D0%B8%D0%B4%D1%80%D0%B8%D1%85_%D0%92%D0%B8%D0%BB%D1%8C%D0%B3%D0%B5%D0%BB%D1%8C%D0%BC"
138,Биологи,Галина Александровна Клевезаль,,,,,,0,"https://ru.wikipedia.org/wiki/%D0%9A%D0%BB%D0%B5%D0%B2%D0%B5%D0%B7%D0%B0%D0%BB%D1%8C,_%D0%93%D0%B0%D0%BB%D0%B8%D0%BD%D0%B0_%D0%90%D0%BB%D0%B5%D0%BA%D1%81%D0%B0%D0%BD%D0%B4%D1%80%D0%BE%D0%B2%D0%BD%D0%B0"
139,Биологи,Альберт Ян Клёйвер,Нидерланды Бреда,Нидерланды Южная Голландия Делфт,1888-06-03,1956-05-14,67.0,0,"https://ru.wikipedia.org/wiki/%D0%9A%D0%BB%D1%91%D0%B9%D0%B2%D0%B5%D1%80,_%D0%90%D0%BB%D1%8C%D0%B1%D0%B5%D1%80%D1%82_%D0%AF%D0%BD"
140,Биологи,Сергей Евгеньевич Клейненберг,Смоленск Российская империя,Москва СССР,1909-07-21,1968-11-17,59.0,0,"https://ru.wikipedia.org/wiki/%D0%9A%D0%BB%D0%B5%D0%B9%D0%BD%D0%B5%D0%BD%D0%B1%D0%B5%D1%80%D0%B3,_%D0%A1%D0%B5%D1%80%D0%B3%D0%B5%D0%B9_%D0%95%D0%B2%D0%B3%D0%B5%D0%BD%D1%8C%D0%B5%D0%B2%D0%B8%D1%87"
141,Биологи,Нина Георгиевна Клюева,СССР,Москва СССР,1899-06-11,1971-08-24,72.0,6,"https://ru.wikipedia.org/wiki/%D0%9A%D0%BB%D1%8E%D0%B5%D0%B2%D0%B0,_%D0%9D%D0%B8%D0%BD%D0%B0_%D0%93%D0%B5%D0%BE%D1%80%D0%B3%D0%B8%D0%B5%D0%B2%D0%BD%D0%B0"
142,Биологи,Александр Елисеевич Коваленко,СССР Россия Россия СССР,,1953-09-13,,66.0,0,"https://ru.wikipedia.org/wiki/%D0%9A%D0%BE%D0%B2%D0%B0%D0%BB%D0%B5%D0%BD%D0%BA%D0%BE,_%D0%90%D0%BB%D0%B5%D0%BA%D1%81%D0%B0%D0%BD%D0%B4%D1%80_%D0%95%D0%BB%D0%B8%D1%81%D0%B5%D0%B5%D0%B2%D0%B8%D1%87"
143,Биологи,Геннадий Михайлович Козубов,Одесса,Сыктывкар,1928,2009,81.0,0,"https://ru.wikipedia.org/wiki/%D0%9A%D0%BE%D0%B7%D1%83%D0%B1%D0%BE%D0%B2,_%D0%93%D0%B5%D0%BD%D0%BD%D0%B0%D0%B4%D0%B8%D0%B9_%D0%9C%D0%B8%D1%85%D0%B0%D0%B9%D0%BB%D0%BE%D0%B2%D0%B8%D1%87"
144,Биологи,Колла Луиджи Алоизий (Алоизиус),Турин Сардинское королевство,Турин Италия,1766-04-30,1848-12-22,82.0,13,"https://ru.wikipedia.org/wiki/%D0%9A%D0%BE%D0%BB%D0%BB%D0%B0,_%D0%9B%D1%83%D0%B8%D0%B4%D0%B6%D0%B8_%D0%90%D0%BB%D0%BE%D0%B8%D0%B7%D0%B8%D0%B9"
145,Биологи,Александр Михайлович Кондратов,Смоленск РСФСР СССР,Россия Санкт-Петербург,1937-10-03,1993-04-16,55.0,32,"https://ru.wikipedia.org/wiki/%D0%9A%D0%BE%D0%BD%D0%B4%D1%80%D0%B0%D1%82%D0%BE%D0%B2,_%D0%90%D0%BB%D0%B5%D0%BA%D1%81%D0%B0%D0%BD%D0%B4%D1%80_%D0%9C%D0%B8%D1%85%D0%B0%D0%B9%D0%BB%D0%BE%D0%B2%D0%B8%D1%87"
146,Биологи,Пётр Никифорович Константинов,Губерния Крапивенский Тульская уезд империя Российская,Москва СССР,1877,1959-10-30,82.0,7,"https://ru.wikipedia.org/wiki/%D0%9A%D0%BE%D0%BD%D1%81%D1%82%D0%B0%D0%BD%D1%82%D0%B8%D0%BD%D0%BE%D0%B2,_%D0%9F%D1%91%D1%82%D1%80_%D0%9D%D0%B8%D0%BA%D0%B8%D1%84%D0%BE%D1%80%D0%BE%D0%B2%D0%B8%D1%87"
147,Биологи,Сьюзан Кори,Мельбурн Австралия,,1942-03-11,,77.0,0,"https://ru.wikipedia.org/wiki/%D0%9A%D0%BE%D1%80%D0%B8,_%D0%A1%D1%8C%D1%8E%D0%B7%D0%B0%D0%BD"
148,Биологи,Джеральд Крабтри,Виргиния) (Западная США Уилинг,,1946-12-18,,73.0,0,"https://ru.wikipedia.org/wiki/%D0%9A%D1%80%D0%B0%D0%B1%D1%82%D1%80%D0%B8,_%D0%94%D0%B6%D0%B5%D1%80%D0%B0%D0%BB%D1%8C%D0%B4"
149,Биологи,Дмитрий Александрович Крамеров,СССР Россия Россия СССР,,1951,,69.0,0,"https://ru.wikipedia.org/wiki/%D0%9A%D1%80%D0%B0%D0%BC%D0%B5%D1%80%D0%BE%D0%B2,_%D0%94%D0%BC%D0%B8%D1%82%D1%80%D0%B8%D0%B9_%D0%90%D0%BB%D0%B5%D0%BA%D1%81%D0%B0%D0%BD%D0%B4%D1%80%D0%BE%D0%B2%D0%B8%D1%87"
150,Биологи,Евгений Аркадьевич Криксунов,СССР Россия Россия СССР,,1947-11-14,,72.0,0,"https://ru.wikipedia.org/wiki/%D0%9A%D1%80%D0%B8%D0%BA%D1%81%D1%83%D0%BD%D0%BE%D0%B2,_%D0%95%D0%B2%D0%B3%D0%B5%D0%BD%D0%B8%D0%B9_%D0%90%D1%80%D0%BA%D0%B0%D0%B4%D1%8C%D0%B5%D0%B2%D0%B8%D1%87"
151,Биологи,Василий Николаевич Крылов,СССР,СССР,1947,2018-02-17,71.0,20,"https://ru.wikipedia.org/wiki/%D0%9A%D1%80%D1%8B%D0%BB%D0%BE%D0%B2,_%D0%92%D0%B0%D1%81%D0%B8%D0%BB%D0%B8%D0%B9_%D0%9D%D0%B8%D0%BA%D0%BE%D0%BB%D0%B0%D0%B5%D0%B2%D0%B8%D1%87"
152,Биологи,Нина Михайловна Крючкова,Бобруйск СССР Белорусская область Могилёвская ССР,Минск Белоруссия,1939-03-31,2003-05-16,64.0,5,"https://ru.wikipedia.org/wiki/%D0%9A%D1%80%D1%8E%D1%87%D0%BA%D0%BE%D0%B2%D0%B0,_%D0%9D%D0%B8%D0%BD%D0%B0_%D0%9C%D0%B8%D1%85%D0%B0%D0%B9%D0%BB%D0%BE%D0%B2%D0%BD%D0%B0"
153,Биологи,Владимир Ильич Кудрявцев,Ржевский губерния уезд Тверская Бурцево,Москва,1900-07-12,1999-05-16,98.0,4,"https://ru.wikipedia.org/wiki/%D0%9A%D1%83%D0%B4%D1%80%D1%8F%D0%B2%D1%86%D0%B5%D0%B2,_%D0%92%D0%BB%D0%B0%D0%B4%D0%B8%D0%BC%D0%B8%D1%80_%D0%98%D0%BB%D1%8C%D0%B8%D1%87"
154,Биологи,Виктор Яковлевич Кузеванов,Грузинская ССР Тбилиси СССР,,1953-12-21,,66.0,15,"https://ru.wikipedia.org/wiki/%D0%9A%D1%83%D0%B7%D0%B5%D0%B2%D0%B0%D0%BD%D0%BE%D0%B2,_%D0%92%D0%B8%D0%BA%D1%82%D0%BE%D1%80_%D0%AF%D0%BA%D0%BE%D0%B2%D0%BB%D0%B5%D0%B2%D0%B8%D1%87"
155,Биологи,Сергей Иванович Кузнецов,Москва Российская империя,Москва СССР,1900,1987-02-27,87.0,11,"https://ru.wikipedia.org/wiki/%D0%9A%D1%83%D0%B7%D0%BD%D0%B5%D1%86%D0%BE%D0%B2,_%D0%A1%D0%B5%D1%80%D0%B3%D0%B5%D0%B9_%D0%98%D0%B2%D0%B0%D0%BD%D0%BE%D0%B2%D0%B8%D1%87_(%D0%BC%D0%B8%D0%BA%D1%80%D0%BE%D0%B1%D0%B8%D0%BE%D0%BB%D0%BE%D0%B3)"
156,Биологи,Александр Петрович Кузякин,Губерния Тюменский Тобольская уезд империя Российская,РСФСР Москва СССР,1915,1988-04-17,73.0,13,"https://ru.wikipedia.org/wiki/%D0%9A%D1%83%D0%B7%D1%8F%D0%BA%D0%B8%D0%BD,_%D0%90%D0%BB%D0%B5%D0%BA%D1%81%D0%B0%D0%BD%D0%B4%D1%80_%D0%9F%D0%B5%D1%82%D1%80%D0%BE%D0%B2%D0%B8%D1%87"
157,Биологи,Энн Кук,Саут-Шилдс Тайн-энд-Уир Великобритания,,1945-01-14,,74.0,0,"https://ru.wikipedia.org/wiki/%D0%9A%D1%83%D0%BA,_%D0%AD%D0%BD%D0%BD"
158,Биологи,Вадим Андреевич Кумаков,Сердобск РФ,РФ Саратов,1925-11-28,2005,80.0,6,"https://ru.wikipedia.org/wiki/%D0%9A%D1%83%D0%BC%D0%B0%D0%BA%D0%BE%D0%B2,_%D0%92%D0%B0%D0%B4%D0%B8%D0%BC_%D0%90%D0%BD%D0%B4%D1%80%D0%B5%D0%B5%D0%B2%D0%B8%D1%87"
159,Биологи,Владимир Викторович Кутырев,ГДР Веймар,,,,,0,"https://ru.wikipedia.org/wiki/%D0%9A%D1%83%D1%82%D1%8B%D1%80%D0%B5%D0%B2,_%D0%92%D0%BB%D0%B0%D0%B4%D0%B8%D0%BC%D0%B8%D1%80_%D0%92%D0%B8%D0%BA%D1%82%D0%BE%D1%80%D0%BE%D0%B2%D0%B8%D1%87"
160,Биологи,Джон Родни Куэйл,Великобритания Мерсисайд Уиррал,"Великобритания Дэндо, графство Комптон Англия, Соммерсет,",1926-11-18,2006-02-26,79.0,2,"https://ru.wikipedia.org/wiki/%D0%9A%D1%83%D1%8D%D0%B9%D0%BB,_%D0%94%D0%B6%D0%BE%D0%BD_%D0%A0%D0%BE%D0%B4%D0%BD%D0%B8"
161,Биологи,Кит Кэмпбелл,Великобритания Англия Уорикшир Бирмингем,Ноттингем Мидленд Восточный Англия Ноттингемшир Ноттингем,1954-05-23,2012-10-05,58.0,0,"https://ru.wikipedia.org/wiki/%D0%9A%D1%8D%D0%BC%D0%BF%D0%B1%D0%B5%D0%BB%D0%BB,_%D0%9A%D0%B8%D1%82"
162,Биологи,Шон Кэрролл,США Толидо,,1960-09-17,,59.0,0,"https://ru.wikipedia.org/wiki/%D0%9A%D1%8D%D1%80%D1%80%D0%BE%D0%BB%D0%BB,_%D0%A8%D0%BE%D0%BD_(%D0%B1%D0%B8%D0%BE%D0%BB%D0%BE%D0%B3)"
163,Биологи,Томас Лавджой,США Нью-Йорк,,1941-08-22,,78.0,0,"https://ru.wikipedia.org/wiki/%D0%9B%D0%B0%D0%B2%D0%B4%D0%B6%D0%BE%D0%B9,_%D0%A2%D0%BE%D0%BC%D0%B0%D1%81"
164,Биологи,Николь Ле Дуарен,Лорьян Франция,,1930-08-20,,89.0,0,"https://ru.wikipedia.org/wiki/%D0%9B%D0%B5_%D0%94%D1%83%D0%B0%D1%80%D0%B5%D0%BD,_%D0%9D%D0%B8%D0%BA%D0%BE%D0%BB%D1%8C"
165,Биологи,Лебедев Владимир Николаевич,Российская империя,СССР,1882,1951-02-20,69.0,0,"https://ru.wikipedia.org/wiki/%D0%9B%D0%B5%D0%B1%D0%B5%D0%B4%D0%B5%D0%B2,_%D0%92%D0%BB%D0%B0%D0%B4%D0%B8%D0%BC%D0%B8%D1%80_%D0%9D%D0%B8%D0%BA%D0%BE%D0%BB%D0%B0%D0%B5%D0%B2%D0%B8%D1%87_(%D0%BA%D0%B8%D0%BD%D0%BE%D1%80%D0%B5%D0%B6%D0%B8%D1%81%D1%81%D1%91%D1%80)"
166,Биологи,Сергей Иванович Лебедев,Анновка Украина,ССР Украинская Киев СССР,1902-03-06,1989-10-07,87.0,12,"https://ru.wikipedia.org/wiki/%D0%9B%D0%B5%D0%B1%D0%B5%D0%B4%D0%B5%D0%B2,_%D0%A1%D0%B5%D1%80%D0%B3%D0%B5%D0%B9_%D0%98%D0%B2%D0%B0%D0%BD%D0%BE%D0%B2%D0%B8%D1%87_(%D0%B1%D0%B8%D0%BE%D0%BB%D0%BE%D0%B3)"
167,Биологи,Ирина Юрьевна Левшакова,Ленинград СССР,Ленинград СССР,1959,2016-01-31,57.0,0,"https://ru.wikipedia.org/wiki/%D0%9B%D0%B5%D0%B2%D1%88%D0%B0%D0%BA%D0%BE%D0%B2%D0%B0,_%D0%98%D1%80%D0%B8%D0%BD%D0%B0_%D0%AE%D1%80%D1%8C%D0%B5%D0%B2%D0%BD%D0%B0"
168,Биологи,Густав Линдстрём,Швеция уния Шведско-норвежская Готланд приход Кафедрального Висбю собора,Швеция уния Шведско-норвежская Стокгольм Адольф-Фредрик,1829-08-27,1901-05-16,71.0,0,"https://ru.wikipedia.org/wiki/%D0%9B%D0%B8%D0%BD%D0%B4%D1%81%D1%82%D1%80%D1%91%D0%BC,_%D0%93%D1%83%D1%81%D1%82%D0%B0%D0%B2"
169,Биологи,Валерий Михайлович Липкин,Московского района области ССР Киргизской Беловодское Фрунзенской,,1942,,78.0,4,"https://ru.wikipedia.org/wiki/%D0%9B%D0%B8%D0%BF%D0%BA%D0%B8%D0%BD,_%D0%92%D0%B0%D0%BB%D0%B5%D1%80%D0%B8%D0%B9_%D0%9C%D0%B8%D1%85%D0%B0%D0%B9%D0%BB%D0%BE%D0%B2%D0%B8%D1%87"
170,Биологи,Алексей Владимирович Лопатин,РСФСР Казань СССР,,1971-05-08,,48.0,3,"https://ru.wikipedia.org/wiki/%D0%9B%D0%BE%D0%BF%D0%B0%D1%82%D0%B8%D0%BD,_%D0%90%D0%BB%D0%B5%D0%BA%D1%81%D0%B5%D0%B9_%D0%92%D0%BB%D0%B0%D0%B4%D0%B8%D0%BC%D0%B8%D1%80%D0%BE%D0%B2%D0%B8%D1%87"
171,Биологи,Константин Анатольевич Лукьянов,СССР Россия Россия СССР,,1970-03-18,,49.0,0,"https://ru.wikipedia.org/wiki/%D0%9B%D1%83%D0%BA%D1%8C%D1%8F%D0%BD%D0%BE%D0%B2,_%D0%9A%D0%BE%D0%BD%D1%81%D1%82%D0%B0%D0%BD%D1%82%D0%B8%D0%BD_%D0%90%D0%BD%D0%B0%D1%82%D0%BE%D0%BB%D1%8C%D0%B5%D0%B2%D0%B8%D1%87"
172,Биологи,Трофим Денисович Лысенко,Константиноградский Украина губерния область уезд империя Российская Карловка Полтавская,СССР ССР Украинская Киев,1898,1976-11-20,78.0,12,"https://ru.wikipedia.org/wiki/%D0%9B%D1%8B%D1%81%D0%B5%D0%BD%D0%BA%D0%BE,_%D0%A2%D1%80%D0%BE%D1%84%D0%B8%D0%BC_%D0%94%D0%B5%D0%BD%D0%B8%D1%81%D0%BE%D0%B2%D0%B8%D1%87"
173,Биологи,Петр Васильевич Макаров,Либава,Гурзуф,1905,1967-08-21,62.0,8,"https://ru.wikipedia.org/wiki/%D0%9C%D0%B0%D0%BA%D0%B0%D1%80%D0%BE%D0%B2,_%D0%9F%D1%91%D1%82%D1%80_%D0%9E%D1%81%D0%B8%D0%BF%D0%BE%D0%B2%D0%B8%D1%87"
174,Биологи,Анджела Рут Маклин,Великобритания,,1961-05-31,,58.0,0,"https://ru.wikipedia.org/wiki/%D0%9C%D0%B0%D0%BA%D0%BB%D0%B8%D0%BD,_%D0%90%D0%BD%D0%B4%D0%B6%D0%B5%D0%BB%D0%B0_%D0%A0%D1%83%D1%82"
175,Биологи,Альфир Габдуллович Маннапов,Старые Богады,,1954-02-24,,65.0,0,"https://ru.wikipedia.org/wiki/%D0%9C%D0%B0%D0%BD%D0%BD%D0%B0%D0%BF%D0%BE%D0%B2,_%D0%90%D0%BB%D1%8C%D1%84%D0%B8%D1%80_%D0%93%D0%B0%D0%B1%D0%B4%D1%83%D0%BB%D0%BB%D0%BE%D0%B2%D0%B8%D1%87"
176,Биологи,Петар Никола Мартинович,Подгорица Черногория Княжество,Югославия Белград,1897-07-11,1984-01-26,86.0,3,"https://ru.wikipedia.org/wiki/%D0%9C%D0%B0%D1%80%D1%82%D0%B8%D0%BD%D0%BE%D0%B2%D0%B8%D1%87,_%D0%9F%D0%B5%D1%82%D0%B0%D1%80_%D0%9D%D0%B8%D0%BA%D0%BE%D0%BB%D0%B0"
177,Биологи,Люсьен Массар,Линт,Гент Бельгия Фландрия,1908-08-22,1988-09-05,80.0,0,"https://ru.wikipedia.org/wiki/%D0%9C%D0%B0%D1%81%D1%81%D0%B0%D1%80,_%D0%9B%D1%8E%D1%81%D1%8C%D0%B5%D0%BD"
178,Биологи,Николай Михайлович Матвеев,РСФСР Няндома СССР область Архангельская,Россия Самара,1939-05-12,2016-12-19,77.0,0,"https://ru.wikipedia.org/wiki/%D0%9C%D0%B0%D1%82%D0%B2%D0%B5%D0%B5%D0%B2,_%D0%9D%D0%B8%D0%BA%D0%BE%D0%BB%D0%B0%D0%B9_%D0%9C%D0%B8%D1%85%D0%B0%D0%B9%D0%BB%D0%BE%D0%B2%D0%B8%D1%87_(%D0%B1%D0%B8%D0%BE%D0%BB%D0%BE%D0%B3)"
179,Биологи,Барбара Джин Мейер,США,,1949,,71.0,0,"https://ru.wikipedia.org/wiki/%D0%9C%D0%B5%D0%B9%D0%B5%D1%80,_%D0%91%D0%B0%D1%80%D0%B1%D0%B0%D1%80%D0%B0_%D0%94%D0%B6%D0%B8%D0%BD"
180,Биологи,Джон Мейнард Смит,Англия Лондон,Юго-Восточная Льюис Англия Великобритания,1920,2004-04-19,84.0,8,"https://ru.wikipedia.org/wiki/%D0%9C%D0%B5%D0%B9%D0%BD%D0%B0%D1%80%D0%B4_%D0%A1%D0%BC%D0%B8%D1%82,_%D0%94%D0%B6%D0%BE%D0%BD"
181,Биологи,Джорджина Мейс,Великобритания Великобритания,,1953-07-12,,66.0,0,"https://ru.wikipedia.org/wiki/%D0%9C%D0%B5%D0%B9%D1%81,_%D0%94%D0%B6%D0%BE%D1%80%D0%B4%D0%B6%D0%B8%D0%BD%D0%B0"
182,Биологи,Ната́лия Ме́ликовна Меликя́н,Губерния Российская империя Эриванская,Ереван Армения,1906-05-20,1989-07-25,83.0,18,"https://ru.wikipedia.org/wiki/%D0%9C%D0%B5%D0%BB%D0%B8%D0%BA%D1%8F%D0%BD,_%D0%9D%D0%B0%D1%82%D0%B0%D0%BB%D0%B8%D1%8F_%D0%9C%D0%B5%D0%BB%D0%B8%D0%BA%D0%BE%D0%B2%D0%BD%D0%B0"
183,Биологи,Вилли Мельников,Москва СССР,Москва Россия,1962-08-11,2016-10-18,54.0,0,"https://ru.wikipedia.org/wiki/%D0%9C%D0%B5%D0%BB%D1%8C%D0%BD%D0%B8%D0%BA%D0%BE%D0%B2,_%D0%92%D0%B8%D0%BB%D0%BB%D0%B8"
184,Биологи,Фрауке Мельхиор,,,,,,0,"https://ru.wikipedia.org/wiki/%D0%9C%D0%B5%D0%BB%D1%8C%D1%85%D0%B8%D0%BE%D1%80,_%D0%A4%D1%80%D0%B0%D1%83%D0%BA%D0%B5"
185,Биологи,Кира Александровна Мещерская,Губерния уезд империя Российская Краснинский Смоленская,Район СССР Лужский Толмачёво область Ленинградская,1909-06-10,1991,82.0,0,"https://ru.wikipedia.org/wiki/%D0%9C%D0%B5%D1%89%D0%B5%D1%80%D1%81%D0%BA%D0%B0%D1%8F,_%D0%9A%D0%B8%D1%80%D0%B0_%D0%90%D0%BB%D0%B5%D0%BA%D1%81%D0%B0%D0%BD%D0%B4%D1%80%D0%BE%D0%B2%D0%BD%D0%B0"
186,Биологи,Вальтер Мигула,Воеводство Бухенхёх Крапковицкий повят Здзешовице,Тюрингия,1863,1938-06-23,75.0,12,"https://ru.wikipedia.org/wiki/%D0%9C%D0%B8%D0%B3%D1%83%D0%BB%D0%B0,_%D0%92%D0%B0%D0%BB%D1%8C%D1%82%D0%B5%D1%80"
187,Биологи,Михаил Валентинович Мина,РСФСР Орджоникидзе СССР,,1939-07-01,,80.0,0,"https://ru.wikipedia.org/wiki/%D0%9C%D0%B8%D0%BD%D0%B0,_%D0%9C%D0%B8%D1%85%D0%B0%D0%B8%D0%BB_%D0%92%D0%B0%D0%BB%D0%B5%D0%BD%D1%82%D0%B8%D0%BD%D0%BE%D0%B2%D0%B8%D1%87"
188,Биологи,Валерий Викторович Михайлов,Воронеж,,1952-01-20,,67.0,0,"https://ru.wikipedia.org/wiki/%D0%9C%D0%B8%D1%85%D0%B0%D0%B9%D0%BB%D0%BE%D0%B2,_%D0%92%D0%B0%D0%BB%D0%B5%D1%80%D0%B8%D0%B9_%D0%92%D0%B8%D0%BA%D1%82%D0%BE%D1%80%D0%BE%D0%B2%D0%B8%D1%87"
189,Биологи,Влодзимеж Михайлов,Российская империя Киев,Варшава Польша,1905,1994-09-09,89.0,0,"https://ru.wikipedia.org/wiki/%D0%9C%D0%B8%D1%85%D0%B0%D0%B9%D0%BB%D0%BE%D0%B2,_%D0%92%D0%BB%D0%BE%D0%B4%D0%B7%D0%B8%D0%BC%D0%B5%D0%B6"
190,Биологи,Юрий Алексеевич Михалёв,РСФСР Хиславичи СССР область Смоленская,,1938-09-02,,81.0,6,"https://ru.wikipedia.org/wiki/%D0%9C%D0%B8%D1%85%D0%B0%D0%BB%D1%91%D0%B2,_%D0%AE%D1%80%D0%B8%D0%B9_%D0%90%D0%BB%D0%B5%D0%BA%D1%81%D0%B5%D0%B5%D0%B2%D0%B8%D1%87"
191,Биологи,Тамара Михайловна Михеева,Горецкий район Городец Белорусская сельсовет область Ходоровский Могилёвская ССР СССР,,1938-11-13,,81.0,21,"https://ru.wikipedia.org/wiki/%D0%9C%D0%B8%D1%85%D0%B5%D0%B5%D0%B2%D0%B0,_%D0%A2%D0%B0%D0%BC%D0%B0%D1%80%D0%B0_%D0%9C%D0%B8%D1%85%D0%B0%D0%B9%D0%BB%D0%BE%D0%B2%D0%BD%D0%B0"
192,Биологи,Лев Николаевич Могилёв,СССР,СССР,1922-02-14,1985,63.0,7,"https://ru.wikipedia.org/wiki/%D0%9C%D0%BE%D0%B3%D0%B8%D0%BB%D1%91%D0%B2,_%D0%9B%D0%B5%D0%B2_%D0%9D%D0%B8%D0%BA%D0%BE%D0%BB%D0%B0%D0%B5%D0%B2%D0%B8%D1%87"
193,Биологи,Ольга Павловна Молчанова,Российская империя Рязань,Москва СССР,1886-04-30,1975-03-13,88.0,0,"https://ru.wikipedia.org/wiki/%D0%9C%D0%BE%D0%BB%D1%87%D0%B0%D0%BD%D0%BE%D0%B2%D0%B0,_%D0%9E%D0%BB%D1%8C%D0%B3%D0%B0_%D0%9F%D0%B0%D0%B2%D0%BB%D0%BE%D0%B2%D0%BD%D0%B0"
194,Биологи,Хинес Мората,Альмерия Андалусия Испания Риоха,,1945-04-19,,74.0,0,"https://ru.wikipedia.org/wiki/%D0%9C%D0%BE%D1%80%D0%B0%D1%82%D0%B0,_%D0%A5%D0%B8%D0%BD%D0%B5%D1%81"
195,Биологи,Харольд Муни,Калифорния США Санта-Роза,,1932-06-01,,87.0,0,"https://ru.wikipedia.org/wiki/%D0%9C%D1%83%D0%BD%D0%B8,_%D0%A5%D0%B0%D1%80%D0%BE%D0%BB%D1%8C%D0%B4"
196,Биологи,Екатерина Вадимовна Мурашова,Ленинград СССР,,1962-02-22,,57.0,20,"https://ru.wikipedia.org/wiki/%D0%9C%D1%83%D1%80%D0%B0%D1%88%D0%BE%D0%B2%D0%B0,_%D0%95%D0%BA%D0%B0%D1%82%D0%B5%D1%80%D0%B8%D0%BD%D0%B0_%D0%92%D0%B0%D0%B4%D0%B8%D0%BC%D0%BE%D0%B2%D0%BD%D0%B0"
197,Биологи,Сергей Николаевич Муромцев,Губерния Маккавеево империя Рязанская село Российская,УССР Киев СССР,1898,1960-12-14,62.0,6,"https://ru.wikipedia.org/wiki/%D0%9C%D1%83%D1%80%D0%BE%D0%BC%D1%86%D0%B5%D0%B2,_%D0%A1%D0%B5%D1%80%D0%B3%D0%B5%D0%B9_%D0%9D%D0%B8%D0%BA%D0%BE%D0%BB%D0%B0%D0%B5%D0%B2%D0%B8%D1%87"
198,Биологи,Жура Азимбаевич Мусаев,ССР Узбекская СССР Янгиюль,ССР Узбекская СССР Янгиюль,1928-05-12,2014-10-27,86.0,10,"https://ru.wikipedia.org/wiki/%D0%9C%D1%83%D1%81%D0%B0%D0%B5%D0%B2,_%D0%96%D1%83%D1%80%D0%B0_%D0%90%D0%B7%D0%B8%D0%BC%D0%B1%D0%B0%D0%B5%D0%B2%D0%B8%D1%87"
199,Биологи,Иоганн Петер Мюллер,Рейнланд-Пфальц Кобленц,Германский союз Берлин,1801-07-14,1858-04-28,56.0,0,"https://ru.wikipedia.org/wiki/%D0%9C%D1%8E%D0%BB%D0%BB%D0%B5%D1%80,_%D0%98%D0%BE%D0%B3%D0%B0%D0%BD%D0%BD_%D0%9F%D0%B5%D1%82%D0%B5%D1%80"
200,Биологи,Фердинанд Мюллер,Германия Росток,Мельбурн Австралия,1825-06-30,1896-10-10,71.0,6,"https://ru.wikipedia.org/wiki/%D0%9C%D1%8E%D0%BB%D0%BB%D0%B5%D1%80,_%D0%A4%D0%B5%D1%80%D0%B4%D0%B8%D0%BD%D0%B0%D0%BD%D0%B4"
201,Биологи,Дмитрий Николаевич Насонов,Варшава империя Российская Польское Царство,РСФСР Ленинград СССР,1895-07-10,1957-12-21,62.0,6,"https://ru.wikipedia.org/wiki/%D0%9D%D0%B0%D1%81%D0%BE%D0%BD%D0%BE%D0%B2,_%D0%94%D0%BC%D0%B8%D1%82%D1%80%D0%B8%D0%B9_%D0%9D%D0%B8%D0%BA%D0%BE%D0%BB%D0%B0%D0%B5%D0%B2%D0%B8%D1%87"
202,Биологи,Сергей Артурович Недоспасов,Москва СССР,,1952-09-17,,67.0,0,"https://ru.wikipedia.org/wiki/%D0%9D%D0%B5%D0%B4%D0%BE%D1%81%D0%BF%D0%B0%D1%81%D0%BE%D0%B2,_%D0%A1%D0%B5%D1%80%D0%B3%D0%B5%D0%B9_%D0%90%D1%80%D1%82%D1%83%D1%80%D0%BE%D0%B2%D0%B8%D1%87"
203,Биологи,Виктор Иванович Недригайлов,Курск Российская империя,РСФСР Петроград СССР,1865,1923-04-27,58.0,4,"https://ru.wikipedia.org/wiki/%D0%9D%D0%B5%D0%B4%D1%80%D0%B8%D0%B3%D0%B0%D0%B9%D0%BB%D0%BE%D0%B2,_%D0%92%D0%B8%D0%BA%D1%82%D0%BE%D1%80_%D0%98%D0%B2%D0%B0%D0%BD%D0%BE%D0%B2%D0%B8%D1%87"
204,Биологи,Николай Николаевич Никольский,РСФСР Ленинград СССР,,1931,,89.0,1,"https://ru.wikipedia.org/wiki/%D0%9D%D0%B8%D0%BA%D0%BE%D0%BB%D1%8C%D1%81%D0%BA%D0%B8%D0%B9,_%D0%9D%D0%B8%D0%BA%D0%BE%D0%BB%D0%B0%D0%B9_%D0%9D%D0%B8%D0%BA%D0%BE%D0%BB%D0%B0%D0%B5%D0%B2%D0%B8%D1%87_(%D0%B1%D0%B8%D0%BE%D0%BB%D0%BE%D0%B3)"
205,Биологи,Борис Григорьевич Новиков,Губерния империя Калужская Российская Перемышль,ССР Украинская Киев СССР,1909,1986,77.0,0,"https://ru.wikipedia.org/wiki/%D0%9D%D0%BE%D0%B2%D0%B8%D0%BA%D0%BE%D0%B2,_%D0%91%D0%BE%D1%80%D0%B8%D1%81_%D0%93%D1%80%D0%B8%D0%B3%D0%BE%D1%80%D1%8C%D0%B5%D0%B2%D0%B8%D1%87"
206,Биологи,Густав Носсал,Верхняя Гмунден Австрия Бад-Ишль,,1931-06-04,,88.0,0,"https://ru.wikipedia.org/wiki/%D0%9D%D0%BE%D1%81%D1%81%D0%B0%D0%BB,_%D0%93%D1%83%D1%81%D1%82%D0%B0%D0%B2"
207,Биологи,Джордж Ньюпорт,Кентербери,Лондон,1803-02-14,1854,51.0,0,"https://ru.wikipedia.org/wiki/%D0%9D%D1%8C%D1%8E%D0%BF%D0%BE%D1%80%D1%82,_%D0%94%D0%B6%D0%BE%D1%80%D0%B4%D0%B6"
208,Биологи,Джордж Джеймс Олмен,Манстер Ирландия Корк,(англ.) (англ.) Дорсет (англ.)русск. русск. Паркстоун,1812,1898-11-24,86.0,1,"https://ru.wikipedia.org/wiki/%D0%9E%D0%BB%D0%BC%D0%B5%D0%BD,_%D0%94%D0%B6%D0%BE%D1%80%D0%B4%D0%B6_%D0%94%D0%B6%D0%B5%D0%B9%D0%BC%D1%81"
209,Биологи,Борис Николаевич Орлов,Новгород Нижний,Новгород Нижний,1935,2012,77.0,16,"https://ru.wikipedia.org/wiki/%D0%9E%D1%80%D0%BB%D0%BE%D0%B2,_%D0%91%D0%BE%D1%80%D0%B8%D1%81_%D0%9D%D0%B8%D0%BA%D0%BE%D0%BB%D0%B0%D0%B5%D0%B2%D0%B8%D1%87_(%D0%B1%D0%B8%D0%BE%D0%BB%D0%BE%D0%B3)"
210,Биологи,Кристина Очоа,Барселона Испания,,1985-01-25,,34.0,0,"https://ru.wikipedia.org/wiki/%D0%9E%D1%87%D0%BE%D0%B0,_%D0%9A%D1%80%D0%B8%D1%81%D1%82%D0%B8%D0%BD%D0%B0"
211,Биологи,Лев Васильевич Ошанин,Ташкент Российская империя,Ташкент СССР,1884,1962,78.0,0,"https://ru.wikipedia.org/wiki/%D0%9E%D1%88%D0%B0%D0%BD%D0%B8%D0%BD,_%D0%9B%D0%B5%D0%B2_%D0%92%D0%B0%D1%81%D0%B8%D0%BB%D1%8C%D0%B5%D0%B2%D0%B8%D1%87"
212,Биологи,Сванте Паабо,Стокгольм,,1955-04-20,,64.0,1,"https://ru.wikipedia.org/wiki/%D0%9F%D0%B0%D0%B0%D0%B1%D0%BE,_%D0%A1%D0%B2%D0%B0%D0%BD%D1%82%D0%B5"
213,Биологи,Джеффри Дональд Палмер,США,,1955-11-29,,64.0,0,"https://ru.wikipedia.org/wiki/%D0%9F%D0%B0%D0%BB%D0%BC%D0%B5%D1%80,_%D0%94%D0%B6%D0%B5%D1%84%D1%84%D1%80%D0%B8_%D0%94%D0%BE%D0%BD%D0%B0%D0%BB%D1%8C%D0%B4"
214,Биологи,Иоган Аксель Пальмен,Гельсингфорс Великое Финляндское княжество,Форсса Финляндия,1845,1919,74.0,0,"https://ru.wikipedia.org/wiki/%D0%9F%D0%B0%D0%BB%D1%8C%D0%BC%D0%B5%D0%BD,_%D0%98%D0%BE%D0%B3%D0%B0%D0%BD_%D0%90%D0%BA%D1%81%D0%B5%D0%BB%D1%8C"
215,Биологи,Вильям Китчен Паркер,Питерборо,Кардифф,1823-06-23,1890,67.0,0,"https://ru.wikipedia.org/wiki/%D0%9F%D0%B0%D1%80%D0%BA%D0%B5%D1%80,_%D0%92%D0%B8%D0%BB%D1%8C%D1%8F%D0%BC_%D0%9A%D0%B8%D1%82%D1%87%D0%B5%D0%BD"
216,Биологи,Владимир Антонович Пегель,Новгород Нижний,Томск,1906,1989,83.0,2,"https://ru.wikipedia.org/wiki/%D0%9F%D0%B5%D0%B3%D0%B5%D0%BB%D1%8C,_%D0%92%D0%BB%D0%B0%D0%B4%D0%B8%D0%BC%D0%B8%D1%80_%D0%90%D0%BD%D1%82%D0%BE%D0%BD%D0%BE%D0%B2%D0%B8%D1%87"
217,Биологи,Дмитрий Дмитриевич Педашенко,Российская империя,Российская империя,1868,1926,58.0,3,"https://ru.wikipedia.org/wiki/%D0%9F%D0%B5%D0%B4%D0%B0%D1%88%D0%B5%D0%BD%D0%BA%D0%BE,_%D0%94%D0%BC%D0%B8%D1%82%D1%80%D0%B8%D0%B9_%D0%94%D0%BC%D0%B8%D1%82%D1%80%D0%B8%D0%B5%D0%B2%D0%B8%D1%87"
218,Биологи,Джозефин Пембертон,Великобритания,,,,,0,"https://ru.wikipedia.org/wiki/%D0%9F%D0%B5%D0%BC%D0%B1%D0%B5%D1%80%D1%82%D0%BE%D0%BD,_%D0%94%D0%B6%D0%BE%D0%B7%D0%B5%D1%84%D0%B8%D0%BD"
219,Биологи,Юлиус Рихард Петри,Бармен Пруссия,Округ административный Саксония Свободное Цайц государство Пруссия Веймарская республика Мерзебург,1852-05-31,1921-12-20,69.0,0,"https://ru.wikipedia.org/wiki/%D0%9F%D0%B5%D1%82%D1%80%D0%B8,_%D0%AE%D0%BB%D0%B8%D1%83%D1%81_%D0%A0%D0%B8%D1%85%D0%B0%D1%80%D0%B4"
220,Биологи,Иоаким Романович Петров,Санкт-Петербургская Российская империя губерния,РСФСР Ленинград СССР,1893,1970-10-10,77.0,6,"https://ru.wikipedia.org/wiki/%D0%9F%D0%B5%D1%82%D1%80%D0%BE%D0%B2,_%D0%98%D0%BE%D0%B0%D0%BA%D0%B8%D0%BC_%D0%A0%D0%BE%D0%BC%D0%B0%D0%BD%D0%BE%D0%B2%D0%B8%D1%87"
221,Биологи,Валерий Евгеньевич Пигаревский,РСФСР Петроград,Россия Санкт-Петербург,1921-09-27,1999-04-25,77.0,4,"https://ru.wikipedia.org/wiki/%D0%9F%D0%B8%D0%B3%D0%B0%D1%80%D0%B5%D0%B2%D1%81%D0%BA%D0%B8%D0%B9,_%D0%92%D0%B0%D0%BB%D0%B5%D1%80%D0%B8%D0%B9_%D0%95%D0%B2%D0%B3%D0%B5%D0%BD%D1%8C%D0%B5%D0%B2%D0%B8%D1%87"
222,Биологи,Грегори Гудвин Пинкус,США Woodbine,США Бостон,1903-04-09,1967-08-22,64.0,0,"https://ru.wikipedia.org/wiki/%D0%9F%D0%B8%D0%BD%D0%BA%D1%83%D1%81,_%D0%93%D1%80%D0%B5%D0%B3%D0%BE%D1%80%D0%B8_%D0%93%D1%83%D0%B4%D0%B2%D0%B8%D0%BD"
223,Биологи,Джон Питт,Австралия,,1937,,83.0,4,"https://ru.wikipedia.org/wiki/%D0%9F%D0%B8%D1%82%D1%82,_%D0%94%D0%B6%D0%BE%D0%BD_%D0%98%D0%BD%D0%B3%D1%80%D1%8D%D0%BC"
224,Биологи,Лев Владимирович Полежаев,СССР,Москва Россия,1910-12-15,2000-11-19,89.0,17,"https://ru.wikipedia.org/wiki/%D0%9F%D0%BE%D0%BB%D0%B5%D0%B6%D0%B0%D0%B5%D0%B2,_%D0%9B%D0%B5%D0%B2_%D0%92%D0%BB%D0%B0%D0%B4%D0%B8%D0%BC%D0%B8%D1%80%D0%BE%D0%B2%D0%B8%D1%87"
225,Биологи,Даниель Поли,Париж Франция,,1946-05-02,,73.0,0,"https://ru.wikipedia.org/wiki/%D0%9F%D0%BE%D0%BB%D0%B8,_%D0%94%D0%B0%D0%BD%D0%B8%D0%B5%D0%BB%D1%8C"
226,Биологи,Илья Михайлович Поляков,Харьков Российская империя,Харьков ССР Украинская СССР,1905-09-16,1976-11-04,71.0,7,"https://ru.wikipedia.org/wiki/%D0%9F%D0%BE%D0%BB%D1%8F%D0%BA%D0%BE%D0%B2,_%D0%98%D0%BB%D1%8C%D1%8F_%D0%9C%D0%B8%D1%85%D0%B0%D0%B9%D0%BB%D0%BE%D0%B2%D0%B8%D1%87"
227,Биологи,Радой Петров Попиванов,Болгария Плевен,София Болгария,1913,2010-04-26,97.0,5,"https://ru.wikipedia.org/wiki/%D0%9F%D0%BE%D0%BF%D0%B8%D0%B2%D0%B0%D0%BD%D0%BE%D0%B2,_%D0%A0%D0%B0%D0%B4%D0%BE%D0%B9_%D0%9F%D0%B5%D1%82%D1%80%D0%BE%D0%B2"
228,Биологи,Андрей Владимирович Попов,Россия,Россия Санкт-Петербург,1940,2009-01-09,69.0,5,"https://ru.wikipedia.org/wiki/%D0%9F%D0%BE%D0%BF%D0%BE%D0%B2,_%D0%90%D0%BD%D0%B4%D1%80%D0%B5%D0%B9_%D0%92%D0%BB%D0%B0%D0%B4%D0%B8%D0%BC%D0%B8%D1%80%D0%BE%D0%B2%D0%B8%D1%87"
229,Биологи,Василий Николаевич Попов,СССР,,1974-08-26,,45.0,6,"https://ru.wikipedia.org/wiki/%D0%9F%D0%BE%D0%BF%D0%BE%D0%B2,_%D0%92%D0%B0%D1%81%D0%B8%D0%BB%D0%B8%D0%B9_%D0%9D%D0%B8%D0%BA%D0%BE%D0%BB%D0%B0%D0%B5%D0%B2%D0%B8%D1%87_(%D0%B1%D0%B8%D0%BE%D0%BB%D0%BE%D0%B3)"
230,Биологи,Виктор Алексеевич Попов,Казань,Казань,1910-03-15,1980-09-20,70.0,0,"https://ru.wikipedia.org/wiki/%D0%9F%D0%BE%D0%BF%D0%BE%D0%B2,_%D0%92%D0%B8%D0%BA%D1%82%D0%BE%D1%80_%D0%90%D0%BB%D0%B5%D0%BA%D1%81%D0%B5%D0%B5%D0%B2%D0%B8%D1%87"
231,Биологи,Пчелкин Юрий Александрович,Криуши СССР,Ульяновск СССР,1938-12-26,1982,44.0,5,"https://ru.wikipedia.org/wiki/%D0%9F%D1%87%D0%B5%D0%BB%D0%BA%D0%B8%D0%BD,_%D0%AE%D1%80%D0%B8%D0%B9_%D0%90%D0%BB%D0%B5%D0%BA%D1%81%D0%B0%D0%BD%D0%B4%D1%80%D0%BE%D0%B2%D0%B8%D1%87"
232,Биологи,Игорь Борисович Райков,Ленинград,,1932-12-30,,87.0,0,"https://ru.wikipedia.org/wiki/%D0%A0%D0%B0%D0%B9%D0%BA%D0%BE%D0%B2,_%D0%98%D0%B3%D0%BE%D1%80%D1%8C_%D0%91%D0%BE%D1%80%D0%B8%D1%81%D0%BE%D0%B2%D0%B8%D1%87"
233,Биологи,Екатерина Викторовна Райкова,СССР Россия Россия СССР,,,,,0,"https://ru.wikipedia.org/wiki/%D0%A0%D0%B0%D0%B9%D0%BA%D0%BE%D0%B2%D0%B0,_%D0%95%D0%BA%D0%B0%D1%82%D0%B5%D1%80%D0%B8%D0%BD%D0%B0_%D0%92%D0%B8%D0%BA%D1%82%D0%BE%D1%80%D0%BE%D0%B2%D0%BD%D0%B0"
234,Биологи,Дидье Рауль,Дакар Сенегал,,1952-03-13,,67.0,0,"https://ru.wikipedia.org/wiki/%D0%A0%D0%B0%D1%83%D0%BB%D1%8C,_%D0%94%D0%B8%D0%B4%D1%8C%D0%B5"
235,Биологи,Алексей Юрьевич Розанов,Москва СССР,,1936-06-18,,83.0,1,"https://ru.wikipedia.org/wiki/%D0%A0%D0%BE%D0%B7%D0%B0%D0%BD%D0%BE%D0%B2,_%D0%90%D0%BB%D0%B5%D0%BA%D1%81%D0%B5%D0%B9_%D0%AE%D1%80%D1%8C%D0%B5%D0%B2%D0%B8%D1%87"
236,Биологи,Лилиана Розанова,Москва СССР,Москва,1931-12-29,1969-01-24,37.0,0,"https://ru.wikipedia.org/wiki/%D0%A0%D0%BE%D0%B7%D0%B0%D0%BD%D0%BE%D0%B2%D0%B0,_%D0%9B%D0%B8%D0%BB%D0%B8%D0%B0%D0%BD%D0%B0_%D0%A1%D0%B5%D1%80%D0%B3%D0%B5%D0%B5%D0%B2%D0%BD%D0%B0"
237,Биологи,Георг Эберхард Румф,Веттерау Дармштадт Германия Вёльферсхайм Гессен,Амбон Губернаторство,1627,1702-06-13,75.0,7,"https://ru.wikipedia.org/wiki/%D0%A0%D1%83%D0%BC%D1%84,_%D0%93%D0%B5%D0%BE%D1%80%D0%B3_%D0%AD%D0%B1%D0%B5%D1%80%D1%85%D0%B0%D1%80%D0%B4"
238,Биологи,Александр Павлович Савельев,РСФСР Молотовская округ СССР область национальный Юсьва Коми-Пермяцкий,,1956-11-27,,63.0,3,"https://ru.wikipedia.org/wiki/%D0%A1%D0%B0%D0%B2%D0%B5%D0%BB%D1%8C%D0%B5%D0%B2,_%D0%90%D0%BB%D0%B5%D0%BA%D1%81%D0%B0%D0%BD%D0%B4%D1%80_%D0%9F%D0%B0%D0%B2%D0%BB%D0%BE%D0%B2%D0%B8%D1%87"
239,Биологи,Маргарита Салас,Астурия Канейру Вальдес,Мадрид Испания,1938-11-30,2019-11-07,80.0,0,"https://ru.wikipedia.org/wiki/%D0%A1%D0%B0%D0%BB%D0%B0%D1%81,_%D0%9C%D0%B0%D1%80%D0%B3%D0%B0%D1%80%D0%B8%D1%82%D0%B0"
240,Биологи,Мамед Ахад оглы Салманов,Армянская ССР Зангибасарский район,,1932-01-12,,87.0,7,"https://ru.wikipedia.org/wiki/%D0%A1%D0%B0%D0%BB%D0%BC%D0%B0%D0%BD%D0%BE%D0%B2,_%D0%9C%D0%B0%D0%BC%D0%B5%D0%B4_%D0%90%D1%85%D0%B0%D0%B4_%D0%BE%D0%B3%D0%BB%D1%8B"
241,Биологи,Внешние изображения,,,,,,0,"https://ru.wikipedia.org/wiki/%D0%A1%D0%B0%D0%BF%D0%B8,_%D0%95%D0%B2%D0%B0"
242,Биологи,Ян Сваммердам,Соединённых Амстердам провинций Голландия Республика,Соединённых Амстердам провинций Голландия Республика,1637-02-12,1680-02-17,43.0,0,"https://ru.wikipedia.org/wiki/%D0%A1%D0%B2%D0%B0%D0%BC%D0%BC%D0%B5%D1%80%D0%B4%D0%B0%D0%BC,_%D0%AF%D0%BD"
243,Биологи,Леонид Леонидович Семаго,РСФСР СССР губерния Рязанская Скопин,Федерация Российская Воронеж,1928,2008-07-24,80.0,0,"https://ru.wikipedia.org/wiki/%D0%A1%D0%B5%D0%BC%D0%B0%D0%B3%D0%BE,_%D0%9B%D0%B5%D0%BE%D0%BD%D0%B8%D0%B4_%D0%9B%D0%B5%D0%BE%D0%BD%D0%B8%D0%B4%D0%BE%D0%B2%D0%B8%D1%87"
244,Биологи,Владимир Анатольевич Сидоров,Любарский район СССР Любар область ССР Житомирская Новый Украинская,,1952-01-02,,67.0,0,"https://ru.wikipedia.org/wiki/%D0%A1%D0%B8%D0%B4%D0%BE%D1%80%D0%BE%D0%B2,_%D0%92%D0%BB%D0%B0%D0%B4%D0%B8%D0%BC%D0%B8%D1%80_%D0%90%D0%BD%D0%B0%D1%82%D0%BE%D0%BB%D1%8C%D0%B5%D0%B2%D0%B8%D1%87"
245,Биологи,Дмитрий Фёдорович Синицын,Российская империя Таврическая губерния,Калифорния США Лос-Анджелес,1871-02-23,1937-10-19,66.0,0,"https://ru.wikipedia.org/wiki/%D0%A1%D0%B8%D0%BD%D0%B8%D1%86%D1%8B%D0%BD,_%D0%94%D0%BC%D0%B8%D1%82%D1%80%D0%B8%D0%B9_%D0%A4%D1%91%D0%B4%D0%BE%D1%80%D0%BE%D0%B2%D0%B8%D1%87"
246,Биологи,Кшиштоф Эдвард Скура,Гдыня ПНР,Гданьск Польша,1950-09-30,2016-02-13,65.0,0,"https://ru.wikipedia.org/wiki/%D0%A1%D0%BA%D1%83%D1%80%D0%B0,_%D0%9A%D1%88%D0%B8%D1%88%D1%82%D0%BE%D1%84"
247,Биологи,Алексей Всеволодович Смирнов,Красноярск СССР,Красноярск СССР,1923,2000,77.0,15,"https://ru.wikipedia.org/wiki/%D0%A1%D0%BC%D0%B8%D1%80%D0%BD%D0%BE%D0%B2,_%D0%90%D0%BB%D0%B5%D0%BA%D1%81%D0%B5%D0%B9_%D0%92%D1%81%D0%B5%D0%B2%D0%BE%D0%BB%D0%BE%D0%B4%D0%BE%D0%B2%D0%B8%D1%87"
248,Биологи,Валерий Вениаминович Смирнов,Таганрог СССР,Таганрог СССР,1937-04-07,2002-12-27,65.0,0,"https://ru.wikipedia.org/wiki/%D0%A1%D0%BC%D0%B8%D1%80%D0%BD%D0%BE%D0%B2,_%D0%92%D0%B0%D0%BB%D0%B5%D1%80%D0%B8%D0%B9_%D0%92%D0%B5%D0%BD%D0%B8%D0%B0%D0%BC%D0%B8%D0%BD%D0%BE%D0%B2%D0%B8%D1%87"
249,Биологи,Георгий Борисович Смирнов,СССР Россия Россия СССР,,1943-09-28,,76.0,0,"https://ru.wikipedia.org/wiki/%D0%A1%D0%BC%D0%B8%D1%80%D0%BD%D0%BE%D0%B2,_%D0%93%D0%B5%D0%BE%D1%80%D0%B3%D0%B8%D0%B9_%D0%91%D0%BE%D1%80%D0%B8%D1%81%D0%BE%D0%B2%D0%B8%D1%87"
250,Биологи,Константин Алексеевич Смирнов,Владивосток СССР,,1948-07-11,,71.0,5,"https://ru.wikipedia.org/wiki/%D0%A1%D0%BC%D0%B8%D1%80%D0%BD%D0%BE%D0%B2,_%D0%9A%D0%BE%D0%BD%D1%81%D1%82%D0%B0%D0%BD%D1%82%D0%B8%D0%BD_%D0%90%D0%BB%D0%B5%D0%BA%D1%81%D0%B5%D0%B5%D0%B2%D0%B8%D1%87"
251,Биологи,Пётр Петрович Смолин,Губерния Тобольская уезд империя Курганский Российская Курган,Москва,1896-12-23,1975-09-28,78.0,7,"https://ru.wikipedia.org/wiki/%D0%A1%D0%BC%D0%BE%D0%BB%D0%B8%D0%BD,_%D0%9F%D1%91%D1%82%D1%80_%D0%9F%D0%B5%D1%82%D1%80%D0%BE%D0%B2%D0%B8%D1%87"
252,Биологи,Смолянская Аида Зосимовна,Сенно,Москва,1920,2006-04-14,86.0,0,"https://ru.wikipedia.org/wiki/%D0%A1%D0%BC%D0%BE%D0%BB%D1%8F%D0%BD%D1%81%D0%BA%D0%B0%D1%8F,_%D0%90%D0%B8%D0%B4%D0%B0_%D0%97%D0%BE%D1%81%D0%B8%D0%BC%D0%BE%D0%B2%D0%BD%D0%B0"
253,Биологи,Александр Иванович Соколовский,Украина район Лебединский,Украина район Лебединский,1892-08-27,1975-05-22,82.0,5,"https://ru.wikipedia.org/wiki/%D0%A1%D0%BE%D0%BA%D0%BE%D0%BB%D0%BE%D0%B2%D1%81%D0%BA%D0%B8%D0%B9,_%D0%90%D0%BB%D0%B5%D0%BA%D1%81%D0%B0%D0%BD%D0%B4%D1%80_%D0%98%D0%B2%D0%B0%D0%BD%D0%BE%D0%B2%D0%B8%D1%87"
254,Биологи,Никита Гаврилович Соломонов,Наслега Хангаласского Якутской 4-го АССР Мальжагарского улуса,,1929-09-27,,90.0,6,"https://ru.wikipedia.org/wiki/%D0%A1%D0%BE%D0%BB%D0%BE%D0%BC%D0%BE%D0%BD%D0%BE%D0%B2,_%D0%9D%D0%B8%D0%BA%D0%B8%D1%82%D0%B0_%D0%93%D0%B0%D0%B2%D1%80%D0%B8%D0%BB%D0%BE%D0%B2%D0%B8%D1%87"
255,Биологи,Гюнтер Зигмунд Стент,Германия Берлин,США,1924-03-28,2008-06-12,84.0,1,"https://ru.wikipedia.org/wiki/%D0%A1%D1%82%D0%B5%D0%BD%D1%82,_%D0%93%D1%8E%D0%BD%D1%82%D0%B5%D1%80_%D0%97%D0%B8%D0%B3%D0%BC%D1%83%D0%BD%D0%B4"
256,Биологи,Владимир Николаевич Сукачёв,Змиевской губерния уезд империя Харьковская Российская,Москва СССР,1880,1967-02-09,87.0,16,"https://ru.wikipedia.org/wiki/%D0%A1%D1%83%D0%BA%D0%B0%D1%87%D1%91%D0%B2,_%D0%92%D0%BB%D0%B0%D0%B4%D0%B8%D0%BC%D0%B8%D1%80_%D0%9D%D0%B8%D0%BA%D0%BE%D0%BB%D0%B0%D0%B5%D0%B2%D0%B8%D1%87"
257,Биологи,Рудольф Тауэр,Франкфурт-на-Майне,,1939-10-05,,80.0,0,"https://ru.wikipedia.org/wiki/%D0%A2%D0%B0%D1%83%D1%8D%D1%80,_%D0%A0%D1%83%D0%B4%D0%BE%D0%BB%D1%8C%D1%84"
258,Биологи,Ташо Ангелов Ташев,Округ Дылбок-Извор Пловдивский Болгария,София Болгария,1909-02-14,1997-08-21,88.0,10,"https://ru.wikipedia.org/wiki/%D0%A2%D0%B0%D1%88%D0%B5%D0%B2,_%D0%A2%D0%B0%D1%88%D0%BE_%D0%90%D0%BD%D0%B3%D0%B5%D0%BB%D0%BE%D0%B2"
259,Биологи,Темботов Асланби Казиевич,КБАССР район Нагорный Псынадаха,Кабардино-Балкарская Нальчик Республика,1932-01-16,2006,74.0,0,"https://ru.wikipedia.org/wiki/%D0%A2%D0%B5%D0%BC%D0%B1%D0%BE%D1%82%D0%BE%D0%B2,_%D0%90%D1%81%D0%BB%D0%B0%D0%BD%D0%B1%D0%B8_%D0%9A%D0%B0%D0%B7%D0%B8%D0%B5%D0%B2%D0%B8%D1%87"
260,Биологи,Фатимат Асланбиевна Темботова,СССР Россия Россия СССР,,1958-12-30,,61.0,0,"https://ru.wikipedia.org/wiki/%D0%A2%D0%B5%D0%BC%D0%B1%D0%BE%D1%82%D0%BE%D0%B2%D0%B0,_%D0%A4%D0%B0%D1%82%D0%B8%D0%BC%D0%B0%D1%82_%D0%90%D1%81%D0%BB%D0%B0%D0%BD%D0%B1%D0%B8%D0%B5%D0%B2%D0%BD%D0%B0"
261,Биологи,Николай ВладимировичТимофеев-Ресовский,Москва Российская империя,РСФСР СССР область Калужская Обнинск,1900,1981-03-28,81.0,42,"https://ru.wikipedia.org/wiki/%D0%A2%D0%B8%D0%BC%D0%BE%D1%84%D0%B5%D0%B5%D0%B2-%D0%A0%D0%B5%D1%81%D0%BE%D0%B2%D1%81%D0%BA%D0%B8%D0%B9,_%D0%9D%D0%B8%D0%BA%D0%BE%D0%BB%D0%B0%D0%B9_%D0%92%D0%BB%D0%B0%D0%B4%D0%B8%D0%BC%D0%B8%D1%80%D0%BE%D0%B2%D0%B8%D1%87"
262,Биологи,Александр Федорович Титов,Петрозаводск,,1949-12-22,,70.0,0,"https://ru.wikipedia.org/wiki/%D0%A2%D0%B8%D1%82%D0%BE%D0%B2,_%D0%90%D0%BB%D0%B5%D0%BA%D1%81%D0%B0%D0%BD%D0%B4%D1%80_%D0%A4%D1%91%D0%B4%D0%BE%D1%80%D0%BE%D0%B2%D0%B8%D1%87_(%D0%B1%D0%B8%D0%BE%D0%BB%D0%BE%D0%B3)"
263,Биологи,Борис Петрович Токин,Губерния Могилёвская империя Российская Кричев,РСФСР Ленинград СССР,1900,1984-09-16,84.0,0,"https://ru.wikipedia.org/wiki/%D0%A2%D0%BE%D0%BA%D0%B8%D0%BD,_%D0%91%D0%BE%D1%80%D0%B8%D1%81_%D0%9F%D0%B5%D1%82%D1%80%D0%BE%D0%B2%D0%B8%D1%87"
264,Биологи,Алексей Михайлович Токранов,ССР СССР Узбекская,,1950,,70.0,8,"https://ru.wikipedia.org/wiki/%D0%A2%D0%BE%D0%BA%D1%80%D0%B0%D0%BD%D0%BE%D0%B2,_%D0%90%D0%BB%D0%B5%D0%BA%D1%81%D0%B5%D0%B9_%D0%9C%D0%B8%D1%85%D0%B0%D0%B9%D0%BB%D0%BE%D0%B2%D0%B8%D1%87"
265,Биологи,Алексей Николаевич Томилин,СССР Россия Россия СССР,,1970-03-25,,49.0,0,"https://ru.wikipedia.org/wiki/%D0%A2%D0%BE%D0%BC%D0%B8%D0%BB%D0%B8%D0%BD,_%D0%90%D0%BB%D0%B5%D0%BA%D1%81%D0%B5%D0%B9_%D0%9D%D0%B8%D0%BA%D0%BE%D0%BB%D0%B0%D0%B5%D0%B2%D0%B8%D1%87"
266,Биологи,Артём Акопович Тотолян,Армянская ССР Ленинакан СССР,,1929-09-25,,90.0,0,"https://ru.wikipedia.org/wiki/%D0%A2%D0%BE%D1%82%D0%BE%D0%BB%D1%8F%D0%BD,_%D0%90%D1%80%D1%82%D1%91%D0%BC_%D0%90%D0%BA%D0%BE%D0%BF%D0%BE%D0%B2%D0%B8%D1%87"
267,Биологи,Роберт Уайт,Восточный Лотиан Шотландия Великобритания,Рединг,1796-07-06,1872-05-26,75.0,53,"https://ru.wikipedia.org/wiki/%D0%A3%D0%B0%D0%B9%D1%82,_%D0%A0%D0%BE%D0%B1%D0%B5%D1%80%D1%82_(%D0%B1%D0%BE%D1%82%D0%B0%D0%BD%D0%B8%D0%BA)"
268,Биологи,Леонид Лазаревич Убугунов,Иркутской Боханского области района,,1955-07-19,,64.0,0,"https://ru.wikipedia.org/wiki/%D0%A3%D0%B1%D1%83%D0%B3%D1%83%D0%BD%D0%BE%D0%B2,_%D0%9B%D0%B5%D0%BE%D0%BD%D0%B8%D0%B4_%D0%9B%D0%B0%D0%B7%D0%B0%D1%80%D0%B5%D0%B2%D0%B8%D1%87"
269,Биологи,Джордж Уильямс,Шарлотт Мекленберг,Setauket Саффолк Setauket Нью-Йорк Setauket-East,1926-05-12,2010-09-08,84.0,0,"https://ru.wikipedia.org/wiki/%D0%A3%D0%B8%D0%BB%D1%8C%D1%8F%D0%BC%D1%81,_%D0%94%D0%B6%D0%BE%D1%80%D0%B4%D0%B6_%D0%9A%D1%80%D0%B8%D1%81%D1%82%D0%BE%D1%84%D0%B5%D1%80"
270,Биологи,Николай Николаевич Ураков,Шарангский РСФСР округ край район СССР Котельнический Нижегородский,Шарангский РСФСР округ край район СССР Котельнический Нижегородский,1929-11-06,2017-04-28,87.0,0,"https://ru.wikipedia.org/wiki/%D0%A3%D1%80%D0%B0%D0%BA%D0%BE%D0%B2,_%D0%9D%D0%B8%D0%BA%D0%BE%D0%BB%D0%B0%D0%B9_%D0%9D%D0%B8%D0%BA%D0%BE%D0%BB%D0%B0%D0%B5%D0%B2%D0%B8%D1%87"
271,Биологи,Николай Алексеевич Успенский,Владимирская губерния империя Российская Юрьев-Польский,РСФСР Воронеж СССР,1887,1963,76.0,10,"https://ru.wikipedia.org/wiki/%D0%A3%D1%81%D0%BF%D0%B5%D0%BD%D1%81%D0%BA%D0%B8%D0%B9,_%D0%9D%D0%B8%D0%BA%D0%BE%D0%BB%D0%B0%D0%B9_%D0%90%D0%BB%D0%B5%D0%BA%D1%81%D0%B5%D0%B5%D0%B2%D0%B8%D1%87"
272,Биологи,Савва Михайлович Успенский,СССР Россия Россия СССР,СССР Россия Россия СССР,1920,1996,76.0,0,"https://ru.wikipedia.org/wiki/%D0%A3%D1%81%D0%BF%D0%B5%D0%BD%D1%81%D0%BA%D0%B8%D0%B9,_%D0%A1%D0%B0%D0%B2%D0%B2%D0%B0_%D0%9C%D0%B8%D1%85%D0%B0%D0%B9%D0%BB%D0%BE%D0%B2%D0%B8%D1%87"
273,Биологи,Елизавета Ивановна Ушакова,Пермь Российская империя,Москва СССР,1895-09-03,1967-11-24,72.0,6,"https://ru.wikipedia.org/wiki/%D0%A3%D1%88%D0%B0%D0%BA%D0%BE%D0%B2%D0%B0,_%D0%95%D0%BB%D0%B8%D0%B7%D0%B0%D0%B2%D0%B5%D1%82%D0%B0_%D0%98%D0%B2%D0%B0%D0%BD%D0%BE%D0%B2%D0%BD%D0%B0"
274,Биологи,Юрий Николаевич Фадеев,РСФСР СССР губерния Московский уезд Марфино Московская,РСФСР СССР губерния Московский уезд Марфино Московская,1927-03-16,1988-08-20,61.0,0,"https://ru.wikipedia.org/wiki/%D0%A4%D0%B0%D0%B4%D0%B5%D0%B5%D0%B2,_%D0%AE%D1%80%D0%B8%D0%B9_%D0%9D%D0%B8%D0%BA%D0%BE%D0%BB%D0%B0%D0%B5%D0%B2%D0%B8%D1%87"
275,Биологи,Стэнли Фалкоу,США Олбани,США Сан-Матео Portola Valley,1934-01-24,2018,84.0,0,"https://ru.wikipedia.org/wiki/%D0%A4%D0%B0%D0%BB%D0%BA%D0%BE%D1%83,_%D0%A1%D1%82%D1%8D%D0%BD%D0%BB%D0%B8"
276,Биологи,Николай Александрович Фёдоров,Губерния Воронежская империя Российская Воронеж,Москва СССР,1904-01-11,1983,79.0,2,"https://ru.wikipedia.org/wiki/%D0%A4%D1%91%D0%B4%D0%BE%D1%80%D0%BE%D0%B2,_%D0%9D%D0%B8%D0%BA%D0%BE%D0%BB%D0%B0%D0%B9_%D0%90%D0%BB%D0%B5%D0%BA%D1%81%D0%B0%D0%BD%D0%B4%D1%80%D0%BE%D0%B2%D0%B8%D1%87"
277,Биологи,Нина Всеволодовна Фёдорова,Огайо США Кливленд,,1942,,78.0,0,"https://ru.wikipedia.org/wiki/%D0%A4%D1%91%D0%B4%D0%BE%D1%80%D0%BE%D0%B2%D0%B0,_%D0%9D%D0%B8%D0%BD%D0%B0_%D0%92%D1%81%D0%B5%D0%B2%D0%BE%D0%BB%D0%BE%D0%B4%D0%BE%D0%B2%D0%BD%D0%B0"
278,Биологи,Дмитрий Михайлович Федотов,Санкт-Петербург,Санкт-Петербург,1888-10-30,1972,84.0,7,"https://ru.wikipedia.org/wiki/%D0%A4%D0%B5%D0%B4%D0%BE%D1%82%D0%BE%D0%B2,_%D0%94%D0%BC%D0%B8%D1%82%D1%80%D0%B8%D0%B9_%D0%9C%D0%B8%D1%85%D0%B0%D0%B9%D0%BB%D0%BE%D0%B2%D0%B8%D1%87"
279,Биологи,Павел Фельгенгауэр,РСФСР Москва СССР,,1951,,69.0,0,"https://ru.wikipedia.org/wiki/%D0%A4%D0%B5%D0%BB%D1%8C%D0%B3%D0%B5%D0%BD%D0%B3%D0%B0%D1%83%D1%8D%D1%80,_%D0%9F%D0%B0%D0%B2%D0%B5%D0%BB_%D0%95%D0%B2%D0%B3%D0%B5%D0%BD%D1%8C%D0%B5%D0%B2%D0%B8%D1%87"
280,Биологи,Джозеф Фельзенштейн,Пенсильвания США Филадельфия,,1942-05-09,,77.0,10,"https://ru.wikipedia.org/wiki/%D0%A4%D0%B5%D0%BB%D1%8C%D0%B7%D0%B5%D0%BD%D1%88%D1%82%D0%B5%D0%B9%D0%BD,_%D0%94%D0%B6%D0%BE%D0%B7%D0%B5%D1%84"
281,Биологи,Павел Павлович Филиппов,СССР Россия Россия СССР,,1943,,77.0,0,"https://ru.wikipedia.org/wiki/%D0%A4%D0%B8%D0%BB%D0%B8%D0%BF%D0%BF%D0%BE%D0%B2,_%D0%9F%D0%B0%D0%B2%D0%B5%D0%BB_%D0%9F%D0%B0%D0%B2%D0%BB%D0%BE%D0%B2%D0%B8%D1%87"
282,Биологи,Дэвид Чилтон Филлипс,Эллесмер,Лондон Великобритания,1924-03-07,1999-02-23,74.0,0,"https://ru.wikipedia.org/wiki/%D0%A4%D0%B8%D0%BB%D0%BB%D0%B8%D0%BF%D1%81,_%D0%94%D1%8D%D0%B2%D0%B8%D0%B4_%D0%A7%D0%B8%D0%BB%D1%82%D0%BE%D0%BD"
283,Биологи,Фирюкова Мария Васильевна,СССР,,,,,0,"https://ru.wikipedia.org/wiki/%D0%A4%D0%B8%D1%80%D1%8E%D0%BA%D0%BE%D0%B2%D0%B0,_%D0%9C%D0%B0%D1%80%D0%B8%D1%8F_%D0%92%D0%B0%D1%81%D0%B8%D0%BB%D1%8C%D0%B5%D0%B2%D0%BD%D0%B0"
284,Биологи,Уильям Фредерик Фишер,США Техас Даллас,,1946,,74.0,0,"https://ru.wikipedia.org/wiki/%D0%A4%D0%B8%D1%88%D0%B5%D1%80,_%D0%A3%D0%B8%D0%BB%D1%8C%D1%8F%D0%BC_%D0%A4%D1%80%D0%B5%D0%B4%D0%B5%D1%80%D0%B8%D0%BA"
285,Биологи,"Фомин, Александр Васильевич",,,,,,0,"https://ru.wikipedia.org/wiki/%D0%A4%D0%BE%D0%BC%D0%B8%D0%BD,_%D0%90%D0%BB%D0%B5%D0%BA%D1%81%D0%B0%D0%BD%D0%B4%D1%80_%D0%92%D0%B0%D1%81%D0%B8%D0%BB%D1%8C%D0%B5%D0%B2%D0%B8%D1%87"
286,Биологи,Ефим Яковлевич Фрисман,Душанбе,,1948-02-21,,71.0,0,"https://ru.wikipedia.org/wiki/%D0%A4%D1%80%D0%B8%D1%81%D0%BC%D0%B0%D0%BD,_%D0%95%D1%84%D0%B8%D0%BC_%D0%AF%D0%BA%D0%BE%D0%B2%D0%BB%D0%B5%D0%B2%D0%B8%D1%87"
287,Биологи,Рахим Мусаевич Хаитов,Самарканд УзССР СССР,,1944,,76.0,0,"https://ru.wikipedia.org/wiki/%D0%A5%D0%B0%D0%B8%D1%82%D0%BE%D0%B2,_%D0%A0%D0%B0%D1%85%D0%B8%D0%BC_%D0%9C%D1%83%D1%81%D0%B0%D0%B5%D0%B2%D0%B8%D1%87"
288,Биологи,Анна Лукьяновна Харадзе,Елизаветполь Российская империя,Грузинская ССР Тбилиси СССР,1905-11-30,1971-06-20,65.0,1,"https://ru.wikipedia.org/wiki/%D0%A5%D0%B0%D1%80%D0%B0%D0%B4%D0%B7%D0%B5,_%D0%90%D0%BD%D0%BD%D0%B0_%D0%9B%D1%83%D0%BA%D1%8C%D1%8F%D0%BD%D0%BE%D0%B2%D0%BD%D0%B0"
289,Биологи,Стивен Харрисон,Коннектикут Нью-Хейвен США,,,,,0,"https://ru.wikipedia.org/wiki/%D0%A5%D0%B0%D1%80%D1%80%D0%B8%D1%81%D0%BE%D0%BD,_%D0%A1%D1%82%D0%B8%D0%B2%D0%B5%D0%BD"
290,Биологи,Джордж Эвелин Хатчинсон,Англия Кембридж Великобритания,Лондон Великобритания,1903-01-30,1991-05-17,88.0,2,"https://ru.wikipedia.org/wiki/%D0%A5%D0%B0%D1%82%D1%87%D0%B8%D0%BD%D1%81%D0%BE%D0%BD,_%D0%94%D0%B6%D0%BE%D1%80%D0%B4%D0%B6_%D0%AD%D0%B2%D0%B5%D0%BB%D0%B8%D0%BD"
291,Биологи,Ахмед Гаффер Хегази,Египет Эль-Мансура,,1948-05-31,,71.0,14,"https://ru.wikipedia.org/wiki/%D0%A5%D0%B5%D0%B3%D0%B0%D0%B7%D0%B8,_%D0%90%D1%85%D0%BC%D0%B5%D0%B4_%D0%93%D0%B0%D1%84%D1%84%D0%B5%D1%80"
292,Биологи,Норман Хитли,Вудбридж Англия Суффолк Великобритания,Юго-Восточная Оксфорд Англия Великобритания,1911-01-10,2004,93.0,0,"https://ru.wikipedia.org/wiki/%D0%A5%D0%B8%D1%82%D0%BB%D0%B8,_%D0%9D%D0%BE%D1%80%D0%BC%D0%B0%D0%BD"
293,Биологи,Людмила Николаевна Хицова,РСФСР СССР области Губдор посёлок Свердловской,,1938,,82.0,21,"https://ru.wikipedia.org/wiki/%D0%A5%D0%B8%D1%86%D0%BE%D0%B2%D0%B0,_%D0%9B%D1%8E%D0%B4%D0%BC%D0%B8%D0%BB%D0%B0_%D0%9D%D0%B8%D0%BA%D0%BE%D0%BB%D0%B0%D0%B5%D0%B2%D0%BD%D0%B0"
294,Биологи,Владислав Вильгельмович Хлебович,СССР Россия Россия СССР,,1932-02-27,,87.0,5,"https://ru.wikipedia.org/wiki/%D0%A5%D0%BB%D0%B5%D0%B1%D0%BE%D0%B2%D0%B8%D1%87,_%D0%92%D0%BB%D0%B0%D0%B4%D0%B8%D1%81%D0%BB%D0%B0%D0%B2_%D0%92%D0%B8%D0%BB%D1%8C%D0%B3%D0%B5%D0%BB%D1%8C%D0%BC%D0%BE%D0%B2%D0%B8%D1%87"
295,Биологи,Дж. Б. С. Холдейн,Оксфорд Великобритания,Индия Бхубанешвар,1892-11-05,1964-12-01,72.0,0,"https://ru.wikipedia.org/wiki/%D0%A5%D0%BE%D0%BB%D0%B4%D0%B5%D0%B9%D0%BD,_%D0%94%D0%B6%D0%BE%D0%BD_%D0%91%D1%91%D1%80%D0%B4%D0%BE%D0%BD_%D0%A1%D0%B0%D0%BD%D0%B4%D0%B5%D1%80%D1%81%D0%BE%D0%BD"
296,Биологи,Юрий Степанович Хотимченко,РСФСР СССР область Куйбышевка-Восточная Амурская,,1952-02-25,,67.0,1,"https://ru.wikipedia.org/wiki/%D0%A5%D0%BE%D1%82%D0%B8%D0%BC%D1%87%D0%B5%D0%BD%D0%BA%D0%BE,_%D0%AE%D1%80%D0%B8%D0%B9_%D0%A1%D1%82%D0%B5%D0%BF%D0%B0%D0%BD%D0%BE%D0%B2%D0%B8%D1%87"
297,Биологи,Хопи Хукстра,США,,1972-07-11,,47.0,0,"https://ru.wikipedia.org/wiki/%D0%A5%D1%83%D0%BA%D1%81%D1%82%D1%80%D0%B0,_%D0%A5%D0%BE%D0%BF%D0%B8"
298,Биологи,Владимир Андреевич Циммерман,Российская империя,,,,,0,"https://ru.wikipedia.org/wiki/%D0%A6%D0%B8%D0%BC%D0%BC%D0%B5%D1%80%D0%BC%D0%B0%D0%BD,_%D0%92%D0%BB%D0%B0%D0%B4%D0%B8%D0%BC%D0%B8%D1%80_%D0%90%D0%BD%D0%B4%D1%80%D0%B5%D0%B5%D0%B2%D0%B8%D1%87"
299,Биологи,Чайлд Чарлз Мэнинг,Ипсиланти США Мичиган,Калифорния США Пало-Алто,1869,1954-12-19,85.0,2,"https://ru.wikipedia.org/wiki/%D0%A7%D0%B0%D0%B9%D0%BB%D0%B4,_%D0%A7%D0%B0%D1%80%D0%BB%D0%B7_%D0%9C%D1%8D%D0%BD%D0%BD%D0%B8%D0%BD%D0%B3"
300,Биологи,Сергей Викторович Черкасов,Оренбург,,1971-07-10,,48.0,0,"https://ru.wikipedia.org/wiki/%D0%A7%D0%B5%D1%80%D0%BA%D0%B0%D1%81%D0%BE%D0%B2,_%D0%A1%D0%B5%D1%80%D0%B3%D0%B5%D0%B9_%D0%92%D0%B8%D0%BA%D1%82%D0%BE%D1%80%D0%BE%D0%B2%D0%B8%D1%87"
301,Биологи,Владимир Николаевич Шапошников,Москва Российская империя,РСФСР Москва СССР,1884,1968-10-23,84.0,0,"https://ru.wikipedia.org/wiki/%D0%A8%D0%B0%D0%BF%D0%BE%D1%88%D0%BD%D0%B8%D0%BA%D0%BE%D0%B2,_%D0%92%D0%BB%D0%B0%D0%B4%D0%B8%D0%BC%D0%B8%D1%80_%D0%9D%D0%B8%D0%BA%D0%BE%D0%BB%D0%B0%D0%B5%D0%B2%D0%B8%D1%87"
302,Биологи,Игорь Александрович Шевелёв,Москва СССР,Москва СССР,1932-09-29,2010-02-08,77.0,0,"https://ru.wikipedia.org/wiki/%D0%A8%D0%B5%D0%B2%D0%B5%D0%BB%D1%91%D0%B2,_%D0%98%D0%B3%D0%BE%D1%80%D1%8C_%D0%90%D0%BB%D0%B5%D0%BA%D1%81%D0%B0%D0%BD%D0%B4%D1%80%D0%BE%D0%B2%D0%B8%D1%87"
303,Биологи,Томас Шенк,США,,,,,0,"https://ru.wikipedia.org/wiki/%D0%A8%D0%B5%D0%BD%D0%BA,_%D0%A2%D0%BE%D0%BC%D0%B0%D1%81"
304,Биологи,Алексей Павлович Шехурдин,Вятская губерния Уржумский,Саратов СССР РСФСР,1886,1951-03-01,65.0,0,"https://ru.wikipedia.org/wiki/%D0%A8%D0%B5%D1%85%D1%83%D1%80%D0%B4%D0%B8%D0%BD,_%D0%90%D0%BB%D0%B5%D0%BA%D1%81%D0%B5%D0%B9_%D0%9F%D0%B0%D0%B2%D0%BB%D0%BE%D0%B2%D0%B8%D1%87"
305,Биологи,"Шпильрайн, Эмиль Николаевич",,,,,,0,"https://ru.wikipedia.org/wiki/%D0%A8%D0%BF%D0%B8%D0%BB%D1%8C%D1%80%D0%B0%D0%B9%D0%BD,_%D0%AD%D0%BC%D0%B8%D0%BB%D1%8C_%D0%9D%D0%B8%D0%BA%D0%BE%D0%BB%D0%B0%D0%B5%D0%B2%D0%B8%D1%87"
306,Биологи,Саломон Штрикер,Словакия край Тренчинский Нове-Место-над-Вагом,Вена Австро-Венгрия,1834-01-01,1898-04-02,64.0,7,"https://ru.wikipedia.org/wiki/%D0%A8%D1%82%D1%80%D0%B8%D0%BA%D0%B5%D1%80,_%D0%A1%D0%B0%D0%BB%D0%BE%D0%BC%D0%BE%D0%BD"
307,Биологи,Карл Генрих Шульц,Цвайбрюккен,Дайдесхайм,1805-06-30,1867-12-17,62.0,2,"https://ru.wikipedia.org/wiki/%D0%A8%D1%83%D0%BB%D1%8C%D1%86,_%D0%9A%D0%B0%D1%80%D0%BB_%D0%93%D0%B5%D0%BD%D1%80%D0%B8%D1%85"
308,Биологи,Фредерик Шульц,Северный ФРГ Кёльн Рейн-Вестфалия Зигбург,,1983,,37.0,0,"https://ru.wikipedia.org/wiki/%D0%A8%D1%83%D0%BB%D1%8C%D1%86,_%D0%A4%D1%80%D0%B5%D0%B4%D0%B5%D1%80%D0%B8%D0%BA"
309,Биологи,Чарльз Элиот,Черуэлл Великобритания Сибфорд-Гоуэр,Пролив Малаккский Суматра Индонезия Ачех,1862,1931-03-16,69.0,6,"https://ru.wikipedia.org/wiki/%D0%AD%D0%BB%D0%B8%D0%BE%D1%82,_%D0%A7%D0%B0%D1%80%D0%BB%D1%8C%D0%B7"
310,Биологи,Дуглас Эмлен,,,1967-04-29,,52.0,0,"https://ru.wikipedia.org/wiki/%D0%AD%D0%BC%D0%BB%D0%B5%D0%BD,_%D0%94%D1%83%D0%B3%D0%BB%D0%B0%D1%81"
311,Биологи,Вильгельм Фердинанд Эрихсон,Штральзунд Германия,Германский союз Берлин,1809-11-26,1848-12-18,39.0,9,"https://ru.wikipedia.org/wiki/%D0%AD%D1%80%D0%B8%D1%85%D1%81%D0%BE%D0%BD,_%D0%92%D0%B8%D0%BB%D1%8C%D0%B3%D0%B5%D0%BB%D1%8C%D0%BC_%D0%A4%D0%B5%D1%80%D0%B4%D0%B8%D0%BD%D0%B0%D0%BD%D0%B4"
312,Биологи,Пол Ральф Эрлих,Пенсильвания Филадельфия,,1932-05-29,,87.0,0,"https://ru.wikipedia.org/wiki/%D0%AD%D1%80%D0%BB%D0%B8%D1%85,_%D0%9F%D0%BE%D0%BB"
313,Биологи,Фрэнсис Эшкрофт,Великобритания Великобритания,,1952-02-15,,67.0,0,"https://ru.wikipedia.org/wiki/%D0%AD%D1%88%D0%BA%D1%80%D0%BE%D1%84%D1%82,_%D0%A4%D1%80%D1%8D%D0%BD%D1%81%D0%B8%D1%81"
314,Биологи,Иоганн Фридрих Юдейх,Дрезден союз Германский,Округ Тарандт Тарандт Дрезден,1828-01-27,1894-03-28,66.0,0,"https://ru.wikipedia.org/wiki/%D0%AE%D0%B4%D0%B5%D0%B9%D1%85,_%D0%98%D0%BE%D0%B3%D0%B0%D0%BD%D0%BD_%D0%A4%D1%80%D0%B8%D0%B4%D1%80%D0%B8%D1%85"
315,Биологи,Михаил Алексеевич Янсон,Российская Санкт-Петербург империя,США Новодивеевский (штат) монастырь Нью-Йорк,1887,1953-01-11,66.0,8,"https://ru.wikipedia.org/wiki/%D0%AF%D0%BD%D1%81%D0%BE%D0%BD,_%D0%9C%D0%B8%D1%85%D0%B0%D0%B8%D0%BB_%D0%90%D0%BB%D0%B5%D0%BA%D1%81%D0%B5%D0%B5%D0%B2%D0%B8%D1%87"
